<?xml version="1.0" encoding="utf-16"?><ArrayOfAchievementCategory xmlns:xsi="http://www.w3.org/2001/XMLSchema-instance" xmlns:xsd="http://www.w3.org/2001/XMLSchema">
    <AchievementCategory>
      <Key>1</Key>
      <Kind>1</Kind>
      <Name_ja>全般</Name_ja>
      <Name_en>Battle</Name_en>
      <Name_fr>Général</Name_fr>
      <Name_de>Kampferfolge</Name_de>
    </AchievementCategory>
    <AchievementCategory>
      <Key>2</Key>
      <Kind>1</Kind>
      <Name_ja>ダンジョン</Name_ja>
      <Name_en>Dungeons</Name_en>
      <Name_fr>Donjons</Name_fr>
      <Name_de>Dungeons</Name_de>
    </AchievementCategory>
    <AchievementCategory>
      <Key>3</Key>
      <Kind>2</Kind>
      <Name_ja>全般</Name_ja>
      <Name_en>Class</Name_en>
      <Name_fr>Général</Name_fr>
      <Name_de>Charakterentwicklung</Name_de>
    </AchievementCategory>
    <AchievementCategory>
      <Key>4</Key>
      <Kind>2</Kind>
      <Name_ja>剣術士</Name_ja>
      <Name_en>Gladiator</Name_en>
      <Name_fr>Gladiateur</Name_fr>
      <Name_de>Gladiator</Name_de>
    </AchievementCategory>
    <AchievementCategory>
      <Key>5</Key>
      <Kind>2</Kind>
      <Name_ja>格闘士</Name_ja>
      <Name_en>Pugilist</Name_en>
      <Name_fr>Pugiliste</Name_fr>
      <Name_de>Faustkämpfer</Name_de>
    </AchievementCategory>
    <AchievementCategory>
      <Key>6</Key>
      <Kind>2</Kind>
      <Name_ja>斧術士</Name_ja>
      <Name_en>Marauder</Name_en>
      <Name_fr>Maraudeur</Name_fr>
      <Name_de>Marodeur</Name_de>
    </AchievementCategory>
    <AchievementCategory>
      <Key>7</Key>
      <Kind>2</Kind>
      <Name_ja>槍術士</Name_ja>
      <Name_en>Lancer</Name_en>
      <Name_fr>Maître d'hast</Name_fr>
      <Name_de>Pikenier</Name_de>
    </AchievementCategory>
    <AchievementCategory>
      <Key>8</Key>
      <Kind>2</Kind>
      <Name_ja>弓術士</Name_ja>
      <Name_en>Archer</Name_en>
      <Name_fr>Archer</Name_fr>
      <Name_de>Waldläufer</Name_de>
    </AchievementCategory>
    <AchievementCategory>
      <Key>9</Key>
      <Kind>2</Kind>
      <Name_ja>幻術士</Name_ja>
      <Name_en>Conjurer</Name_en>
      <Name_fr>Élémentaliste</Name_fr>
      <Name_de>Druide</Name_de>
    </AchievementCategory>
    <AchievementCategory>
      <Key>10</Key>
      <Kind>2</Kind>
      <Name_ja>呪術士</Name_ja>
      <Name_en>Thaumaturge</Name_en>
      <Name_fr>Occultiste</Name_fr>
      <Name_de>Thaumaturg</Name_de>
    </AchievementCategory>
    <AchievementCategory>
      <Key>11</Key>
      <Kind>2</Kind>
      <Name_ja>巴術士</Name_ja>
      <Name_en>Arcanist</Name_en>
      <Name_fr>Arcaniste</Name_fr>
      <Name_de>Hermetiker</Name_de>
    </AchievementCategory>
    <AchievementCategory>
      <Key>12</Key>
      <Kind>2</Kind>
      <Name_ja>木工師</Name_ja>
      <Name_en>Carpenter</Name_en>
      <Name_fr>Menuisier</Name_fr>
      <Name_de>Zimmerer</Name_de>
    </AchievementCategory>
    <AchievementCategory>
      <Key>13</Key>
      <Kind>2</Kind>
      <Name_ja>鍛冶師</Name_ja>
      <Name_en>Blacksmith</Name_en>
      <Name_fr>Forgeron</Name_fr>
      <Name_de>Grobschmied</Name_de>
    </AchievementCategory>
    <AchievementCategory>
      <Key>14</Key>
      <Kind>2</Kind>
      <Name_ja>甲冑師</Name_ja>
      <Name_en>Armorer</Name_en>
      <Name_fr>Armurier</Name_fr>
      <Name_de>Plattner</Name_de>
    </AchievementCategory>
    <AchievementCategory>
      <Key>15</Key>
      <Kind>2</Kind>
      <Name_ja>彫金師</Name_ja>
      <Name_en>Goldsmith</Name_en>
      <Name_fr>Orfèvre</Name_fr>
      <Name_de>Goldschmied</Name_de>
    </AchievementCategory>
    <AchievementCategory>
      <Key>16</Key>
      <Kind>2</Kind>
      <Name_ja>革細工師</Name_ja>
      <Name_en>Leatherworker</Name_en>
      <Name_fr>Tanneur</Name_fr>
      <Name_de>Gerber</Name_de>
    </AchievementCategory>
    <AchievementCategory>
      <Key>17</Key>
      <Kind>2</Kind>
      <Name_ja>裁縫師</Name_ja>
      <Name_en>Weaver</Name_en>
      <Name_fr>Couturier</Name_fr>
      <Name_de>Weber</Name_de>
    </AchievementCategory>
    <AchievementCategory>
      <Key>18</Key>
      <Kind>2</Kind>
      <Name_ja>錬金術師</Name_ja>
      <Name_en>Alchemist</Name_en>
      <Name_fr>Alchimiste</Name_fr>
      <Name_de>Alchemist</Name_de>
    </AchievementCategory>
    <AchievementCategory>
      <Key>19</Key>
      <Kind>2</Kind>
      <Name_ja>調理師</Name_ja>
      <Name_en>Culinarian</Name_en>
      <Name_fr>Cuisinier</Name_fr>
      <Name_de>Gourmet</Name_de>
    </AchievementCategory>
    <AchievementCategory>
      <Key>20</Key>
      <Kind>2</Kind>
      <Name_ja>採掘師</Name_ja>
      <Name_en>Miner</Name_en>
      <Name_fr>Mineur</Name_fr>
      <Name_de>Minenarbeiter</Name_de>
    </AchievementCategory>
    <AchievementCategory>
      <Key>21</Key>
      <Kind>2</Kind>
      <Name_ja>園芸師</Name_ja>
      <Name_en>Botanist</Name_en>
      <Name_fr>Botaniste</Name_fr>
      <Name_de>Gärtner</Name_de>
    </AchievementCategory>
    <AchievementCategory>
      <Key>22</Key>
      <Kind>2</Kind>
      <Name_ja>漁師</Name_ja>
      <Name_en>Fisher</Name_en>
      <Name_fr>Pêcheur</Name_fr>
      <Name_de>Fischer</Name_de>
    </AchievementCategory>
    <AchievementCategory>
      <Key>23</Key>
      <Kind>4</Kind>
      <Name_ja>全般</Name_ja>
      <Name_en>Items</Name_en>
      <Name_fr>Général</Name_fr>
      <Name_de>Gegenstände</Name_de>
    </AchievementCategory>
    <AchievementCategory>
      <Key>24</Key>
      <Kind>4</Kind>
      <Name_ja>通貨</Name_ja>
      <Name_en>Currency</Name_en>
      <Name_fr>Devises</Name_fr>
      <Name_de>Vermögen</Name_de>
    </AchievementCategory>
    <AchievementCategory>
      <Key>25</Key>
      <Kind>4</Kind>
      <Name_ja>マテリア</Name_ja>
      <Name_en>Materia</Name_en>
      <Name_fr>Matérias</Name_fr>
      <Name_de>Materia</Name_de>
    </AchievementCategory>
    <AchievementCategory>
      <Key>26</Key>
      <Kind>5</Kind>
      <Name_ja>木工師</Name_ja>
      <Name_en>Carpenter</Name_en>
      <Name_fr>Menuisier</Name_fr>
      <Name_de>Zimmerer</Name_de>
    </AchievementCategory>
    <AchievementCategory>
      <Key>27</Key>
      <Kind>5</Kind>
      <Name_ja>鍛冶師</Name_ja>
      <Name_en>Blacksmith</Name_en>
      <Name_fr>Forgeron</Name_fr>
      <Name_de>Grobschmied</Name_de>
    </AchievementCategory>
    <AchievementCategory>
      <Key>28</Key>
      <Kind>5</Kind>
      <Name_ja>甲冑師</Name_ja>
      <Name_en>Armorer</Name_en>
      <Name_fr>Armurier</Name_fr>
      <Name_de>Plattner</Name_de>
    </AchievementCategory>
    <AchievementCategory>
      <Key>29</Key>
      <Kind>5</Kind>
      <Name_ja>彫金師</Name_ja>
      <Name_en>Goldsmith</Name_en>
      <Name_fr>Orfèvre</Name_fr>
      <Name_de>Goldschmied</Name_de>
    </AchievementCategory>
    <AchievementCategory>
      <Key>30</Key>
      <Kind>5</Kind>
      <Name_ja>革細工師</Name_ja>
      <Name_en>Leatherworker</Name_en>
      <Name_fr>Tanneur</Name_fr>
      <Name_de>Gerber</Name_de>
    </AchievementCategory>
    <AchievementCategory>
      <Key>31</Key>
      <Kind>5</Kind>
      <Name_ja>裁縫師</Name_ja>
      <Name_en>Weaver</Name_en>
      <Name_fr>Couturier</Name_fr>
      <Name_de>Weber</Name_de>
    </AchievementCategory>
    <AchievementCategory>
      <Key>32</Key>
      <Kind>5</Kind>
      <Name_ja>錬金術師</Name_ja>
      <Name_en>Alchemist</Name_en>
      <Name_fr>Alchimiste</Name_fr>
      <Name_de>Alchemist</Name_de>
    </AchievementCategory>
    <AchievementCategory>
      <Key>33</Key>
      <Kind>5</Kind>
      <Name_ja>調理師</Name_ja>
      <Name_en>Culinarian</Name_en>
      <Name_fr>Cuisinier</Name_fr>
      <Name_de>Gourmet</Name_de>
    </AchievementCategory>
    <AchievementCategory>
      <Key>34</Key>
      <Kind>6</Kind>
      <Name_ja>採掘師</Name_ja>
      <Name_en>Miner</Name_en>
      <Name_fr>Mineur</Name_fr>
      <Name_de>Minenarbeiter</Name_de>
    </AchievementCategory>
    <AchievementCategory>
      <Key>35</Key>
      <Kind>6</Kind>
      <Name_ja>園芸師</Name_ja>
      <Name_en>Botanist</Name_en>
      <Name_fr>Botaniste</Name_fr>
      <Name_de>Gärtner</Name_de>
    </AchievementCategory>
    <AchievementCategory>
      <Key>36</Key>
      <Kind>6</Kind>
      <Name_ja>漁師</Name_ja>
      <Name_en>Fisher</Name_en>
      <Name_fr>Pêcheur</Name_fr>
      <Name_de>Fischer</Name_de>
    </AchievementCategory>
    <AchievementCategory>
      <Key>37</Key>
      <Kind>8</Kind>
      <Name_ja>全般</Name_ja>
      <Name_en>Quests</Name_en>
      <Name_fr>Général</Name_fr>
      <Name_de>Aufträge</Name_de>
    </AchievementCategory>
    <AchievementCategory>
      <Key>38</Key>
      <Kind>8</Kind>
      <Name_ja>リーヴ</Name_ja>
      <Name_en>Levequests</Name_en>
      <Name_fr>Mandats</Name_fr>
      <Name_de>Freibriefe</Name_de>
    </AchievementCategory>
    <AchievementCategory>
      <Key>39</Key>
      <Kind>8</Kind>
      <Name_ja>シーズナルイベント</Name_ja>
      <Name_en>Seasonal Events</Name_en>
      <Name_fr>Événements saisonniers</Name_fr>
      <Name_de>Saisonale Ereignisse</Name_de>
    </AchievementCategory>
    <AchievementCategory>
      <Key>40</Key>
      <Kind>11</Kind>
      <Name_ja>ラノシア</Name_ja>
      <Name_en>La Noscea</Name_en>
      <Name_fr>Noscea</Name_fr>
      <Name_de>La Noscea</Name_de>
    </AchievementCategory>
    <AchievementCategory>
      <Key>41</Key>
      <Kind>11</Kind>
      <Name_ja>黒衣森</Name_ja>
      <Name_en>The Black Shroud</Name_en>
      <Name_fr>Forêt de Sombrelinceul</Name_fr>
      <Name_de>Thanalan</Name_de>
    </AchievementCategory>
    <AchievementCategory>
      <Key>42</Key>
      <Kind>11</Kind>
      <Name_ja>ザナラーン</Name_ja>
      <Name_en>Thanalan</Name_en>
      <Name_fr>Thanalan</Name_fr>
      <Name_de>Finsterwald</Name_de>
    </AchievementCategory>
    <AchievementCategory>
      <Key>43</Key>
      <Kind>11</Kind>
      <Name_ja>クルザス</Name_ja>
      <Name_en>Coerthas</Name_en>
      <Name_fr>Coerthas</Name_fr>
      <Name_de>Coerthas</Name_de>
    </AchievementCategory>
    <AchievementCategory>
      <Key>44</Key>
      <Kind>11</Kind>
      <Name_ja>モードゥナ</Name_ja>
      <Name_en>Mor Dhona</Name_en>
      <Name_fr>Mor Dhona</Name_fr>
      <Name_de>Mor Dhona</Name_de>
    </AchievementCategory>
    <AchievementCategory>
      <Key>45</Key>
      <Kind>12</Kind>
      <Name_ja>全般</Name_ja>
      <Name_en>Grand Company</Name_en>
      <Name_fr>Général</Name_fr>
      <Name_de>Staatliche Gesellschaften</Name_de>
    </AchievementCategory>
    <AchievementCategory>
      <Key>46</Key>
      <Kind>12</Kind>
      <Name_ja>黒渦団</Name_ja>
      <Name_en>Maelstrom</Name_en>
      <Name_fr>Maelstrom</Name_fr>
      <Name_de>Mahlstrom</Name_de>
    </AchievementCategory>
    <AchievementCategory>
      <Key>47</Key>
      <Kind>12</Kind>
      <Name_ja>双蛇党</Name_ja>
      <Name_en>Order of the Twin Adder</Name_en>
      <Name_fr>Ordre des deux vipères</Name_fr>
      <Name_de>Bruderschaft</Name_de>
    </AchievementCategory>
    <AchievementCategory>
      <Key>48</Key>
      <Kind>12</Kind>
      <Name_ja>不滅隊</Name_ja>
      <Name_en>Immortal Flames</Name_en>
      <Name_fr>Immortels</Name_fr>
      <Name_de>Legion</Name_de>
    </AchievementCategory>
    <AchievementCategory>
      <Key>49</Key>
      <Kind>13</Kind>
      <Name_ja>バトル</Name_ja>
      <Name_en>Battle</Name_en>
      <Name_fr>Combats</Name_fr>
      <Name_de>Kampferfolge</Name_de>
    </AchievementCategory>
    <AchievementCategory>
      <Key>50</Key>
      <Kind>13</Kind>
      <Name_ja>通貨</Name_ja>
      <Name_en>Currency</Name_en>
      <Name_fr>Devises</Name_fr>
      <Name_de>Vermögen</Name_de>
    </AchievementCategory>
    <AchievementCategory>
      <Key>51</Key>
      <Kind>13</Kind>
      <Name_ja>採集</Name_ja>
      <Name_en>Gathering</Name_en>
      <Name_fr>Récolte</Name_fr>
      <Name_de>Sammelleidenschaft</Name_de>
    </AchievementCategory>
    <AchievementCategory>
      <Key>52</Key>
      <Kind>13</Kind>
      <Name_ja>クエスト</Name_ja>
      <Name_en>Quests</Name_en>
      <Name_fr>Quêtes</Name_fr>
      <Name_de>Auftragslage</Name_de>
    </AchievementCategory>
    <AchievementCategory>
      <Key>53</Key>
      <Kind>13</Kind>
      <Name_ja>シーズナルイベント</Name_ja>
      <Name_en>Seasonal Events</Name_en>
      <Name_fr>Événements saisonniers</Name_fr>
      <Name_de>Saisonale Ereignisse</Name_de>
    </AchievementCategory>
    <AchievementCategory>
      <Key>54</Key>
      <Kind>13</Kind>
      <Name_ja>ダンジョン</Name_ja>
      <Name_en>Dungeons</Name_en>
      <Name_fr>Donjons</Name_fr>
      <Name_de>Dungeons</Name_de>
    </AchievementCategory>
    <AchievementCategory>
      <Key>55</Key>
      <Kind>13</Kind>
      <Name_ja>探検</Name_ja>
      <Name_en>Exploration</Name_en>
      <Name_fr>Exploration</Name_fr>
      <Name_de>Erkundungen</Name_de>
    </AchievementCategory>
    <AchievementCategory>
      <Key>56</Key>
      <Kind>13</Kind>
      <Name_ja>グランドカンパニー</Name_ja>
      <Name_en>Grand Company</Name_en>
      <Name_fr>Grandes compagnies</Name_fr>
      <Name_de>Staatliche Gesellschaften</Name_de>
    </AchievementCategory>
  </AchievementCategory></ArrayOfAchievementCategory>