<?xml version="1.0" encoding="utf-16"?><ArrayOfClassJob xmlns:xsi="http://www.w3.org/2001/XMLSchema-instance" xmlns:xsd="http://www.w3.org/2001/XMLSchema">
    <ClassJob>
      <Key>1</Key>
      <Label>GLADIATOR</Label>
      <Name_ja>剣術士</Name_ja>
      <Name_en>Gladiator</Name_en>
      <Name_fr>Gladiateur</Name_fr>
      <Name_de>Gladiator</Name_de>
      <Abbreviation_ja>GLA</Abbreviation_ja>
      <Abbreviation_en>GLA</Abbreviation_en>
      <Abbreviation_fr>GLA</Abbreviation_fr>
      <Abbreviation_de>GLA</Abbreviation_de>
      <IsJob>0</IsJob>
      <UIPriority>1</UIPriority>
      <filebase>ec5d264e53ea7749d916d7d8bc235ec9c8bb7b51</filebase>
    </ClassJob>
    <ClassJob>
      <Key>2</Key>
      <Label>PUGILIST</Label>
      <Name_ja>格闘士</Name_ja>
      <Name_en>Pugilist</Name_en>
      <Name_fr>Pugiliste</Name_fr>
      <Name_de>Faustkämpfer</Name_de>
      <Abbreviation_ja>PGL</Abbreviation_ja>
      <Abbreviation_en>PGL</Abbreviation_en>
      <Abbreviation_fr>PGL</Abbreviation_fr>
      <Abbreviation_de>FST</Abbreviation_de>
      <IsJob>0</IsJob>
      <UIPriority>2</UIPriority>
      <filebase>9fe08b7e2827a51fc216e6407646ffba716a44b8</filebase>
    </ClassJob>
    <ClassJob>
      <Key>3</Key>
      <Label>MARAUDER</Label>
      <Name_ja>斧術士</Name_ja>
      <Name_en>Marauder</Name_en>
      <Name_fr>Maraudeur</Name_fr>
      <Name_de>Marodeur</Name_de>
      <Abbreviation_ja>MRD</Abbreviation_ja>
      <Abbreviation_en>MRD</Abbreviation_en>
      <Abbreviation_fr>MRD</Abbreviation_fr>
      <Abbreviation_de>MAR</Abbreviation_de>
      <IsJob>0</IsJob>
      <UIPriority>3</UIPriority>
      <filebase>5ca476c2166b399e3ec92e8008544fdbea75b6a2</filebase>
    </ClassJob>
    <ClassJob>
      <Key>4</Key>
      <Label>LANCER</Label>
      <Name_ja>槍術士</Name_ja>
      <Name_en>Lancer</Name_en>
      <Name_fr>Maître d'hast</Name_fr>
      <Name_de>Pikenier</Name_de>
      <Abbreviation_ja>LNC</Abbreviation_ja>
      <Abbreviation_en>LNC</Abbreviation_en>
      <Abbreviation_fr>HAS</Abbreviation_fr>
      <Abbreviation_de>PIK</Abbreviation_de>
      <IsJob>0</IsJob>
      <UIPriority>4</UIPriority>
      <filebase>924ded09293b2a04c4cd662afbf7cda7b0576888</filebase>
    </ClassJob>
    <ClassJob>
      <Key>5</Key>
      <Label>ARCHER</Label>
      <Name_ja>弓術士</Name_ja>
      <Name_en>Archer</Name_en>
      <Name_fr>Archer</Name_fr>
      <Name_de>Waldläufer</Name_de>
      <Abbreviation_ja>ARC</Abbreviation_ja>
      <Abbreviation_en>ARC</Abbreviation_en>
      <Abbreviation_fr>ARC</Abbreviation_fr>
      <Abbreviation_de>WDL</Abbreviation_de>
      <IsJob>0</IsJob>
      <UIPriority>5</UIPriority>
      <filebase>d39804e8810aa3d8e467b7a476d01965510c5d18</filebase>
    </ClassJob>
    <ClassJob>
      <Key>6</Key>
      <Label>CONJURER</Label>
      <Name_ja>幻術士</Name_ja>
      <Name_en>Conjurer</Name_en>
      <Name_fr>Élémentaliste</Name_fr>
      <Name_de>Druide</Name_de>
      <Abbreviation_ja>CNJ</Abbreviation_ja>
      <Abbreviation_en>CNJ</Abbreviation_en>
      <Abbreviation_fr>ÉLM</Abbreviation_fr>
      <Abbreviation_de>DRU</Abbreviation_de>
      <IsJob>0</IsJob>
      <UIPriority>6</UIPriority>
      <filebase>6157497a98f55a73af4c277f383d0a23551e9e98</filebase>
    </ClassJob>
    <ClassJob>
      <Key>7</Key>
      <Label>THAUMATURGE</Label>
      <Name_ja>呪術士</Name_ja>
      <Name_en>Thaumaturge</Name_en>
      <Name_fr>Occultiste</Name_fr>
      <Name_de>Thaumaturg</Name_de>
      <Abbreviation_ja>THM</Abbreviation_ja>
      <Abbreviation_en>THM</Abbreviation_en>
      <Abbreviation_fr>OCC</Abbreviation_fr>
      <Abbreviation_de>THM</Abbreviation_de>
      <IsJob>0</IsJob>
      <UIPriority>7</UIPriority>
      <filebase>e2a98c81ca279607fc1706e5e1b11bc08cac2578</filebase>
    </ClassJob>
    <ClassJob>
      <Key>26</Key>
      <Label>ARCANIST</Label>
      <Name_ja>巴術士</Name_ja>
      <Name_en>Arcanist</Name_en>
      <Name_fr>Arcaniste</Name_fr>
      <Name_de>Hermetiker</Name_de>
      <Abbreviation_ja>ACN</Abbreviation_ja>
      <Abbreviation_en>ACN</Abbreviation_en>
      <Abbreviation_fr>ACN</Abbreviation_fr>
      <Abbreviation_de>HRT</Abbreviation_de>
      <IsJob>0</IsJob>
      <UIPriority>8</UIPriority>
      <filebase>59fde9fca303490477962039f6cd0d0101caeabe</filebase>
    </ClassJob>
    <ClassJob>
      <Key>19</Key>
      <Label>KNIGHT</Label>
      <Name_ja>ナイト</Name_ja>
      <Name_en>Paladin</Name_en>
      <Name_fr>Paladin</Name_fr>
      <Name_de>Paladin</Name_de>
      <Abbreviation_ja>PLD</Abbreviation_ja>
      <Abbreviation_en>PLD</Abbreviation_en>
      <Abbreviation_fr>PLD</Abbreviation_fr>
      <Abbreviation_de>PLD</Abbreviation_de>
      <IsJob>1</IsJob>
      <UIPriority>51</UIPriority>
      <filebase>626a1a0927f7d2510a92558e8032831264110f26</filebase>
    </ClassJob>
    <ClassJob>
      <Key>20</Key>
      <Label>MONK</Label>
      <Name_ja>モンク</Name_ja>
      <Name_en>Monk</Name_en>
      <Name_fr>Moine</Name_fr>
      <Name_de>Mönch</Name_de>
      <Abbreviation_ja>MNK</Abbreviation_ja>
      <Abbreviation_en>MNK</Abbreviation_en>
      <Abbreviation_fr>MOI</Abbreviation_fr>
      <Abbreviation_de>MÖN</Abbreviation_de>
      <IsJob>1</IsJob>
      <UIPriority>52</UIPriority>
      <filebase>8873ffdf5f7c80770bc40f5b82ae1be6fa1f8305</filebase>
    </ClassJob>
    <ClassJob>
      <Key>21</Key>
      <Label>WARRIOR</Label>
      <Name_ja>戦士</Name_ja>
      <Name_en>Warrior</Name_en>
      <Name_fr>Guerrier</Name_fr>
      <Name_de>Krieger</Name_de>
      <Abbreviation_ja>WAR</Abbreviation_ja>
      <Abbreviation_en>WAR</Abbreviation_en>
      <Abbreviation_fr>GUE</Abbreviation_fr>
      <Abbreviation_de>KRG</Abbreviation_de>
      <IsJob>1</IsJob>
      <UIPriority>53</UIPriority>
      <filebase>2de279517a8de132f2faad4986a507ed728a067f</filebase>
    </ClassJob>
    <ClassJob>
      <Key>22</Key>
      <Label>DRAGON</Label>
      <Name_ja>竜騎士</Name_ja>
      <Name_en>Dragoon</Name_en>
      <Name_fr>Chevalier dragon</Name_fr>
      <Name_de>Dragoon</Name_de>
      <Abbreviation_ja>DRG</Abbreviation_ja>
      <Abbreviation_en>DRG</Abbreviation_en>
      <Abbreviation_fr>DRG</Abbreviation_fr>
      <Abbreviation_de>DRG</Abbreviation_de>
      <IsJob>1</IsJob>
      <UIPriority>54</UIPriority>
      <filebase>36ce9c4cc01581d4f900102cd51e09c60c3876a6</filebase>
    </ClassJob>
    <ClassJob>
      <Key>23</Key>
      <Label>BARD</Label>
      <Name_ja>吟遊詩人</Name_ja>
      <Name_en>Bard</Name_en>
      <Name_fr>Barde</Name_fr>
      <Name_de>Barde</Name_de>
      <Abbreviation_ja>BRD</Abbreviation_ja>
      <Abbreviation_en>BRD</Abbreviation_en>
      <Abbreviation_fr>BRD</Abbreviation_fr>
      <Abbreviation_de>BRD</Abbreviation_de>
      <IsJob>1</IsJob>
      <UIPriority>55</UIPriority>
      <filebase>7a72ef2dc1918f56e573dd28cffcec7e33a595df</filebase>
    </ClassJob>
    <ClassJob>
      <Key>24</Key>
      <Label>WHITE</Label>
      <Name_ja>白魔道士</Name_ja>
      <Name_en>White Mage</Name_en>
      <Name_fr>Mage blanc</Name_fr>
      <Name_de>Weißmagier</Name_de>
      <Abbreviation_ja>WHM</Abbreviation_ja>
      <Abbreviation_en>WHM</Abbreviation_en>
      <Abbreviation_fr>MBL</Abbreviation_fr>
      <Abbreviation_de>WMA</Abbreviation_de>
      <IsJob>1</IsJob>
      <UIPriority>56</UIPriority>
      <filebase>c460e288d5db83ebc90d0654bee6d0d0a0a9582d</filebase>
    </ClassJob>
    <ClassJob>
      <Key>25</Key>
      <Label>BLACK</Label>
      <Name_ja>黒魔道士</Name_ja>
      <Name_en>Black Mage</Name_en>
      <Name_fr>Mage noir</Name_fr>
      <Name_de>Schwarzmagier</Name_de>
      <Abbreviation_ja>BLM</Abbreviation_ja>
      <Abbreviation_en>BLM</Abbreviation_en>
      <Abbreviation_fr>MNO</Abbreviation_fr>
      <Abbreviation_de>SMA</Abbreviation_de>
      <IsJob>1</IsJob>
      <UIPriority>57</UIPriority>
      <filebase>98d95dec1f321f111439032b64bc42b98c063f1b</filebase>
    </ClassJob>
    <ClassJob>
      <Key>27</Key>
      <Label>SUMMONER</Label>
      <Name_ja>召喚士</Name_ja>
      <Name_en>Summoner</Name_en>
      <Name_fr>Invocateur</Name_fr>
      <Name_de>Beschwörer</Name_de>
      <Abbreviation_ja>SMN</Abbreviation_ja>
      <Abbreviation_en>SMN</Abbreviation_en>
      <Abbreviation_fr>INV</Abbreviation_fr>
      <Abbreviation_de>BSW</Abbreviation_de>
      <IsJob>1</IsJob>
      <UIPriority>58</UIPriority>
      <filebase>2c38a1b928c88fd20bcc74fe0b4d9ba0a8f56f67</filebase>
    </ClassJob>
    <ClassJob>
      <Key>28</Key>
      <Label>SCHOLAR</Label>
      <Name_ja>学者</Name_ja>
      <Name_en>Scholar</Name_en>
      <Name_fr>Érudit</Name_fr>
      <Name_de>Gelehrter</Name_de>
      <Abbreviation_ja>SCH</Abbreviation_ja>
      <Abbreviation_en>SCH</Abbreviation_en>
      <Abbreviation_fr>ÉRU</Abbreviation_fr>
      <Abbreviation_de>GLT</Abbreviation_de>
      <IsJob>1</IsJob>
      <UIPriority>59</UIPriority>
      <filebase>ee5788ae748ff28a503fecbec2a523dbc6875298</filebase>
    </ClassJob>
    <ClassJob>
      <Key>8</Key>
      <Label>WOODWORKER</Label>
      <Name_ja>木工師</Name_ja>
      <Name_en>Carpenter</Name_en>
      <Name_fr>Menuisier</Name_fr>
      <Name_de>Zimmerer</Name_de>
      <Abbreviation_ja>CRP</Abbreviation_ja>
      <Abbreviation_en>CRP</Abbreviation_en>
      <Abbreviation_fr>MEN</Abbreviation_fr>
      <Abbreviation_de>ZMR</Abbreviation_de>
      <IsJob>0</IsJob>
      <UIPriority>101</UIPriority>
      <filebase>d41cb306af74bb5407bc74fa865e9207a5ce4899</filebase>
    </ClassJob>
    <ClassJob>
      <Key>9</Key>
      <Label>BLACKSMITH</Label>
      <Name_ja>鍛冶師</Name_ja>
      <Name_en>Blacksmith</Name_en>
      <Name_fr>Forgeron</Name_fr>
      <Name_de>Grobschmied</Name_de>
      <Abbreviation_ja>BSM</Abbreviation_ja>
      <Abbreviation_en>BSM</Abbreviation_en>
      <Abbreviation_fr>FRG</Abbreviation_fr>
      <Abbreviation_de>GRS</Abbreviation_de>
      <IsJob>0</IsJob>
      <UIPriority>102</UIPriority>
      <filebase>6e0223f41a926eab7e6bc42af7dd29b915999db1</filebase>
    </ClassJob>
    <ClassJob>
      <Key>10</Key>
      <Label>ARMOURER</Label>
      <Name_ja>甲冑師</Name_ja>
      <Name_en>Armorer</Name_en>
      <Name_fr>Armurier</Name_fr>
      <Name_de>Plattner</Name_de>
      <Abbreviation_ja>ARM</Abbreviation_ja>
      <Abbreviation_en>ARM</Abbreviation_en>
      <Abbreviation_fr>ARM</Abbreviation_fr>
      <Abbreviation_de>PLA</Abbreviation_de>
      <IsJob>0</IsJob>
      <UIPriority>103</UIPriority>
      <filebase>aab4391a4a5633684e1b93174713c1c52f791930</filebase>
    </ClassJob>
    <ClassJob>
      <Key>11</Key>
      <Label>GOLDSMITH</Label>
      <Name_ja>彫金師</Name_ja>
      <Name_en>Goldsmith</Name_en>
      <Name_fr>Orfèvre</Name_fr>
      <Name_de>Goldschmied</Name_de>
      <Abbreviation_ja>GSM</Abbreviation_ja>
      <Abbreviation_en>GSM</Abbreviation_en>
      <Abbreviation_fr>ORF</Abbreviation_fr>
      <Abbreviation_de>GLD</Abbreviation_de>
      <IsJob>0</IsJob>
      <UIPriority>104</UIPriority>
      <filebase>605aa74019178eef7d8ba790b3db10ac8e9cd4ca</filebase>
    </ClassJob>
    <ClassJob>
      <Key>12</Key>
      <Label>TANNER</Label>
      <Name_ja>革細工師</Name_ja>
      <Name_en>Leatherworker</Name_en>
      <Name_fr>Tanneur</Name_fr>
      <Name_de>Gerber</Name_de>
      <Abbreviation_ja>LTW</Abbreviation_ja>
      <Abbreviation_en>LTW</Abbreviation_en>
      <Abbreviation_fr>TAN</Abbreviation_fr>
      <Abbreviation_de>GER</Abbreviation_de>
      <IsJob>0</IsJob>
      <UIPriority>105</UIPriority>
      <filebase>f358b50ff0a1b1dcb67490ba8f4c480e01e4edd7</filebase>
    </ClassJob>
    <ClassJob>
      <Key>13</Key>
      <Label>WEAVER</Label>
      <Name_ja>裁縫師</Name_ja>
      <Name_en>Weaver</Name_en>
      <Name_fr>Couturier</Name_fr>
      <Name_de>Weber</Name_de>
      <Abbreviation_ja>WVR</Abbreviation_ja>
      <Abbreviation_en>WVR</Abbreviation_en>
      <Abbreviation_fr>COU</Abbreviation_fr>
      <Abbreviation_de>WEB</Abbreviation_de>
      <IsJob>0</IsJob>
      <UIPriority>106</UIPriority>
      <filebase>131b914b2be4563ec76b870d1fa44aa8da0f1ee6</filebase>
    </ClassJob>
    <ClassJob>
      <Key>14</Key>
      <Label>ALCHEMIST</Label>
      <Name_ja>錬金術師</Name_ja>
      <Name_en>Alchemist</Name_en>
      <Name_fr>Alchimiste</Name_fr>
      <Name_de>Alchemist</Name_de>
      <Abbreviation_ja>ALC</Abbreviation_ja>
      <Abbreviation_en>ALC</Abbreviation_en>
      <Abbreviation_fr>ALC</Abbreviation_fr>
      <Abbreviation_de>ALC</Abbreviation_de>
      <IsJob>0</IsJob>
      <UIPriority>107</UIPriority>
      <filebase>343bce834add76f5d714f33154d0c70e99d495a3</filebase>
    </ClassJob>
    <ClassJob>
      <Key>15</Key>
      <Label>CULINARIAN</Label>
      <Name_ja>調理師</Name_ja>
      <Name_en>Culinarian</Name_en>
      <Name_fr>Cuisinier</Name_fr>
      <Name_de>Gourmet</Name_de>
      <Abbreviation_ja>CUL</Abbreviation_ja>
      <Abbreviation_en>CUL</Abbreviation_en>
      <Abbreviation_fr>CUI</Abbreviation_fr>
      <Abbreviation_de>GRM</Abbreviation_de>
      <IsJob>0</IsJob>
      <UIPriority>108</UIPriority>
      <filebase>86f1875ebc31f88eb917283665be128689a9669b</filebase>
    </ClassJob>
    <ClassJob>
      <Key>16</Key>
      <Label>MINER</Label>
      <Name_ja>採掘師</Name_ja>
      <Name_en>Miner</Name_en>
      <Name_fr>Mineur</Name_fr>
      <Name_de>Minenarbeiter</Name_de>
      <Abbreviation_ja>MIN</Abbreviation_ja>
      <Abbreviation_en>MIN</Abbreviation_en>
      <Abbreviation_fr>MIN</Abbreviation_fr>
      <Abbreviation_de>MIN</Abbreviation_de>
      <IsJob>0</IsJob>
      <UIPriority>201</UIPriority>
      <filebase>8e82259fcd979378632cde0c9767c15dba3790af</filebase>
    </ClassJob>
    <ClassJob>
      <Key>17</Key>
      <Label>HARVESTER</Label>
      <Name_ja>園芸師</Name_ja>
      <Name_en>Botanist</Name_en>
      <Name_fr>Botaniste</Name_fr>
      <Name_de>Gärtner</Name_de>
      <Abbreviation_ja>BTN</Abbreviation_ja>
      <Abbreviation_en>BTN</Abbreviation_en>
      <Abbreviation_fr>BTN</Abbreviation_fr>
      <Abbreviation_de>GÄR</Abbreviation_de>
      <IsJob>0</IsJob>
      <UIPriority>202</UIPriority>
      <filebase>937d3313d9d7ef491319c38a4d4cde4035eb1ab3</filebase>
    </ClassJob>
    <ClassJob>
      <Key>18</Key>
      <Label>FISHERMAN</Label>
      <Name_ja>漁師</Name_ja>
      <Name_en>Fisher</Name_en>
      <Name_fr>Pêcheur</Name_fr>
      <Name_de>Fischer</Name_de>
      <Abbreviation_ja>FSH</Abbreviation_ja>
      <Abbreviation_en>FSH</Abbreviation_en>
      <Abbreviation_fr>PÊC</Abbreviation_fr>
      <Abbreviation_de>FIS</Abbreviation_de>
      <IsJob>0</IsJob>
      <UIPriority>203</UIPriority>
      <filebase>289dbc0b50956ce10a2195a75a22b500a648284e</filebase>
    </ClassJob>
  </ClassJob></ArrayOfClassJob>