<?xml version="1.0" encoding="utf-16"?><ArrayOfClassJob_ClassJobCategory xmlns:xsi="http://www.w3.org/2001/XMLSchema-instance" xmlns:xsd="http://www.w3.org/2001/XMLSchema">
    <ClassJob_ClassJobCategory>
      <ClassJob_Key>1</ClassJob_Key>
      <ClassJobCategory_Key>1</ClassJobCategory_Key>
    </ClassJob_ClassJobCategory>
    <ClassJob_ClassJobCategory>
      <ClassJob_Key>2</ClassJob_Key>
      <ClassJobCategory_Key>1</ClassJobCategory_Key>
    </ClassJob_ClassJobCategory>
    <ClassJob_ClassJobCategory>
      <ClassJob_Key>3</ClassJob_Key>
      <ClassJobCategory_Key>1</ClassJobCategory_Key>
    </ClassJob_ClassJobCategory>
    <ClassJob_ClassJobCategory>
      <ClassJob_Key>4</ClassJob_Key>
      <ClassJobCategory_Key>1</ClassJobCategory_Key>
    </ClassJob_ClassJobCategory>
    <ClassJob_ClassJobCategory>
      <ClassJob_Key>5</ClassJob_Key>
      <ClassJobCategory_Key>1</ClassJobCategory_Key>
    </ClassJob_ClassJobCategory>
    <ClassJob_ClassJobCategory>
      <ClassJob_Key>6</ClassJob_Key>
      <ClassJobCategory_Key>1</ClassJobCategory_Key>
    </ClassJob_ClassJobCategory>
    <ClassJob_ClassJobCategory>
      <ClassJob_Key>7</ClassJob_Key>
      <ClassJobCategory_Key>1</ClassJobCategory_Key>
    </ClassJob_ClassJobCategory>
    <ClassJob_ClassJobCategory>
      <ClassJob_Key>8</ClassJob_Key>
      <ClassJobCategory_Key>1</ClassJobCategory_Key>
    </ClassJob_ClassJobCategory>
    <ClassJob_ClassJobCategory>
      <ClassJob_Key>9</ClassJob_Key>
      <ClassJobCategory_Key>1</ClassJobCategory_Key>
    </ClassJob_ClassJobCategory>
    <ClassJob_ClassJobCategory>
      <ClassJob_Key>10</ClassJob_Key>
      <ClassJobCategory_Key>1</ClassJobCategory_Key>
    </ClassJob_ClassJobCategory>
    <ClassJob_ClassJobCategory>
      <ClassJob_Key>11</ClassJob_Key>
      <ClassJobCategory_Key>1</ClassJobCategory_Key>
    </ClassJob_ClassJobCategory>
    <ClassJob_ClassJobCategory>
      <ClassJob_Key>12</ClassJob_Key>
      <ClassJobCategory_Key>1</ClassJobCategory_Key>
    </ClassJob_ClassJobCategory>
    <ClassJob_ClassJobCategory>
      <ClassJob_Key>13</ClassJob_Key>
      <ClassJobCategory_Key>1</ClassJobCategory_Key>
    </ClassJob_ClassJobCategory>
    <ClassJob_ClassJobCategory>
      <ClassJob_Key>14</ClassJob_Key>
      <ClassJobCategory_Key>1</ClassJobCategory_Key>
    </ClassJob_ClassJobCategory>
    <ClassJob_ClassJobCategory>
      <ClassJob_Key>15</ClassJob_Key>
      <ClassJobCategory_Key>1</ClassJobCategory_Key>
    </ClassJob_ClassJobCategory>
    <ClassJob_ClassJobCategory>
      <ClassJob_Key>16</ClassJob_Key>
      <ClassJobCategory_Key>1</ClassJobCategory_Key>
    </ClassJob_ClassJobCategory>
    <ClassJob_ClassJobCategory>
      <ClassJob_Key>17</ClassJob_Key>
      <ClassJobCategory_Key>1</ClassJobCategory_Key>
    </ClassJob_ClassJobCategory>
    <ClassJob_ClassJobCategory>
      <ClassJob_Key>18</ClassJob_Key>
      <ClassJobCategory_Key>1</ClassJobCategory_Key>
    </ClassJob_ClassJobCategory>
    <ClassJob_ClassJobCategory>
      <ClassJob_Key>19</ClassJob_Key>
      <ClassJobCategory_Key>1</ClassJobCategory_Key>
    </ClassJob_ClassJobCategory>
    <ClassJob_ClassJobCategory>
      <ClassJob_Key>20</ClassJob_Key>
      <ClassJobCategory_Key>1</ClassJobCategory_Key>
    </ClassJob_ClassJobCategory>
    <ClassJob_ClassJobCategory>
      <ClassJob_Key>21</ClassJob_Key>
      <ClassJobCategory_Key>1</ClassJobCategory_Key>
    </ClassJob_ClassJobCategory>
    <ClassJob_ClassJobCategory>
      <ClassJob_Key>22</ClassJob_Key>
      <ClassJobCategory_Key>1</ClassJobCategory_Key>
    </ClassJob_ClassJobCategory>
    <ClassJob_ClassJobCategory>
      <ClassJob_Key>23</ClassJob_Key>
      <ClassJobCategory_Key>1</ClassJobCategory_Key>
    </ClassJob_ClassJobCategory>
    <ClassJob_ClassJobCategory>
      <ClassJob_Key>24</ClassJob_Key>
      <ClassJobCategory_Key>1</ClassJobCategory_Key>
    </ClassJob_ClassJobCategory>
    <ClassJob_ClassJobCategory>
      <ClassJob_Key>25</ClassJob_Key>
      <ClassJobCategory_Key>1</ClassJobCategory_Key>
    </ClassJob_ClassJobCategory>
    <ClassJob_ClassJobCategory>
      <ClassJob_Key>26</ClassJob_Key>
      <ClassJobCategory_Key>1</ClassJobCategory_Key>
    </ClassJob_ClassJobCategory>
    <ClassJob_ClassJobCategory>
      <ClassJob_Key>27</ClassJob_Key>
      <ClassJobCategory_Key>1</ClassJobCategory_Key>
    </ClassJob_ClassJobCategory>
    <ClassJob_ClassJobCategory>
      <ClassJob_Key>28</ClassJob_Key>
      <ClassJobCategory_Key>1</ClassJobCategory_Key>
    </ClassJob_ClassJobCategory>
    <ClassJob_ClassJobCategory>
      <ClassJob_Key>1</ClassJob_Key>
      <ClassJobCategory_Key>2</ClassJobCategory_Key>
    </ClassJob_ClassJobCategory>
    <ClassJob_ClassJobCategory>
      <ClassJob_Key>2</ClassJob_Key>
      <ClassJobCategory_Key>3</ClassJobCategory_Key>
    </ClassJob_ClassJobCategory>
    <ClassJob_ClassJobCategory>
      <ClassJob_Key>3</ClassJob_Key>
      <ClassJobCategory_Key>4</ClassJobCategory_Key>
    </ClassJob_ClassJobCategory>
    <ClassJob_ClassJobCategory>
      <ClassJob_Key>4</ClassJob_Key>
      <ClassJobCategory_Key>5</ClassJobCategory_Key>
    </ClassJob_ClassJobCategory>
    <ClassJob_ClassJobCategory>
      <ClassJob_Key>5</ClassJob_Key>
      <ClassJobCategory_Key>6</ClassJobCategory_Key>
    </ClassJob_ClassJobCategory>
    <ClassJob_ClassJobCategory>
      <ClassJob_Key>6</ClassJob_Key>
      <ClassJobCategory_Key>7</ClassJobCategory_Key>
    </ClassJob_ClassJobCategory>
    <ClassJob_ClassJobCategory>
      <ClassJob_Key>7</ClassJob_Key>
      <ClassJobCategory_Key>8</ClassJobCategory_Key>
    </ClassJob_ClassJobCategory>
    <ClassJob_ClassJobCategory>
      <ClassJob_Key>8</ClassJob_Key>
      <ClassJobCategory_Key>9</ClassJobCategory_Key>
    </ClassJob_ClassJobCategory>
    <ClassJob_ClassJobCategory>
      <ClassJob_Key>9</ClassJob_Key>
      <ClassJobCategory_Key>10</ClassJobCategory_Key>
    </ClassJob_ClassJobCategory>
    <ClassJob_ClassJobCategory>
      <ClassJob_Key>10</ClassJob_Key>
      <ClassJobCategory_Key>11</ClassJobCategory_Key>
    </ClassJob_ClassJobCategory>
    <ClassJob_ClassJobCategory>
      <ClassJob_Key>11</ClassJob_Key>
      <ClassJobCategory_Key>12</ClassJobCategory_Key>
    </ClassJob_ClassJobCategory>
    <ClassJob_ClassJobCategory>
      <ClassJob_Key>12</ClassJob_Key>
      <ClassJobCategory_Key>13</ClassJobCategory_Key>
    </ClassJob_ClassJobCategory>
    <ClassJob_ClassJobCategory>
      <ClassJob_Key>13</ClassJob_Key>
      <ClassJobCategory_Key>14</ClassJobCategory_Key>
    </ClassJob_ClassJobCategory>
    <ClassJob_ClassJobCategory>
      <ClassJob_Key>14</ClassJob_Key>
      <ClassJobCategory_Key>15</ClassJobCategory_Key>
    </ClassJob_ClassJobCategory>
    <ClassJob_ClassJobCategory>
      <ClassJob_Key>15</ClassJob_Key>
      <ClassJobCategory_Key>16</ClassJobCategory_Key>
    </ClassJob_ClassJobCategory>
    <ClassJob_ClassJobCategory>
      <ClassJob_Key>16</ClassJob_Key>
      <ClassJobCategory_Key>17</ClassJobCategory_Key>
    </ClassJob_ClassJobCategory>
    <ClassJob_ClassJobCategory>
      <ClassJob_Key>17</ClassJob_Key>
      <ClassJobCategory_Key>18</ClassJobCategory_Key>
    </ClassJob_ClassJobCategory>
    <ClassJob_ClassJobCategory>
      <ClassJob_Key>18</ClassJob_Key>
      <ClassJobCategory_Key>19</ClassJobCategory_Key>
    </ClassJob_ClassJobCategory>
    <ClassJob_ClassJobCategory>
      <ClassJob_Key>19</ClassJob_Key>
      <ClassJobCategory_Key>20</ClassJobCategory_Key>
    </ClassJob_ClassJobCategory>
    <ClassJob_ClassJobCategory>
      <ClassJob_Key>20</ClassJob_Key>
      <ClassJobCategory_Key>21</ClassJobCategory_Key>
    </ClassJob_ClassJobCategory>
    <ClassJob_ClassJobCategory>
      <ClassJob_Key>21</ClassJob_Key>
      <ClassJobCategory_Key>22</ClassJobCategory_Key>
    </ClassJob_ClassJobCategory>
    <ClassJob_ClassJobCategory>
      <ClassJob_Key>22</ClassJob_Key>
      <ClassJobCategory_Key>23</ClassJobCategory_Key>
    </ClassJob_ClassJobCategory>
    <ClassJob_ClassJobCategory>
      <ClassJob_Key>23</ClassJob_Key>
      <ClassJobCategory_Key>24</ClassJobCategory_Key>
    </ClassJob_ClassJobCategory>
    <ClassJob_ClassJobCategory>
      <ClassJob_Key>24</ClassJob_Key>
      <ClassJobCategory_Key>25</ClassJobCategory_Key>
    </ClassJob_ClassJobCategory>
    <ClassJob_ClassJobCategory>
      <ClassJob_Key>25</ClassJob_Key>
      <ClassJobCategory_Key>26</ClassJobCategory_Key>
    </ClassJob_ClassJobCategory>
    <ClassJob_ClassJobCategory>
      <ClassJob_Key>26</ClassJob_Key>
      <ClassJobCategory_Key>27</ClassJobCategory_Key>
    </ClassJob_ClassJobCategory>
    <ClassJob_ClassJobCategory>
      <ClassJob_Key>27</ClassJob_Key>
      <ClassJobCategory_Key>28</ClassJobCategory_Key>
    </ClassJob_ClassJobCategory>
    <ClassJob_ClassJobCategory>
      <ClassJob_Key>28</ClassJob_Key>
      <ClassJobCategory_Key>29</ClassJobCategory_Key>
    </ClassJob_ClassJobCategory>
    <ClassJob_ClassJobCategory>
      <ClassJob_Key>1</ClassJob_Key>
      <ClassJobCategory_Key>30</ClassJobCategory_Key>
    </ClassJob_ClassJobCategory>
    <ClassJob_ClassJobCategory>
      <ClassJob_Key>2</ClassJob_Key>
      <ClassJobCategory_Key>30</ClassJobCategory_Key>
    </ClassJob_ClassJobCategory>
    <ClassJob_ClassJobCategory>
      <ClassJob_Key>3</ClassJob_Key>
      <ClassJobCategory_Key>30</ClassJobCategory_Key>
    </ClassJob_ClassJobCategory>
    <ClassJob_ClassJobCategory>
      <ClassJob_Key>4</ClassJob_Key>
      <ClassJobCategory_Key>30</ClassJobCategory_Key>
    </ClassJob_ClassJobCategory>
    <ClassJob_ClassJobCategory>
      <ClassJob_Key>5</ClassJob_Key>
      <ClassJobCategory_Key>30</ClassJobCategory_Key>
    </ClassJob_ClassJobCategory>
    <ClassJob_ClassJobCategory>
      <ClassJob_Key>19</ClassJob_Key>
      <ClassJobCategory_Key>30</ClassJobCategory_Key>
    </ClassJob_ClassJobCategory>
    <ClassJob_ClassJobCategory>
      <ClassJob_Key>20</ClassJob_Key>
      <ClassJobCategory_Key>30</ClassJobCategory_Key>
    </ClassJob_ClassJobCategory>
    <ClassJob_ClassJobCategory>
      <ClassJob_Key>21</ClassJob_Key>
      <ClassJobCategory_Key>30</ClassJobCategory_Key>
    </ClassJob_ClassJobCategory>
    <ClassJob_ClassJobCategory>
      <ClassJob_Key>22</ClassJob_Key>
      <ClassJobCategory_Key>30</ClassJobCategory_Key>
    </ClassJob_ClassJobCategory>
    <ClassJob_ClassJobCategory>
      <ClassJob_Key>23</ClassJob_Key>
      <ClassJobCategory_Key>30</ClassJobCategory_Key>
    </ClassJob_ClassJobCategory>
    <ClassJob_ClassJobCategory>
      <ClassJob_Key>6</ClassJob_Key>
      <ClassJobCategory_Key>31</ClassJobCategory_Key>
    </ClassJob_ClassJobCategory>
    <ClassJob_ClassJobCategory>
      <ClassJob_Key>7</ClassJob_Key>
      <ClassJobCategory_Key>31</ClassJobCategory_Key>
    </ClassJob_ClassJobCategory>
    <ClassJob_ClassJobCategory>
      <ClassJob_Key>24</ClassJob_Key>
      <ClassJobCategory_Key>31</ClassJobCategory_Key>
    </ClassJob_ClassJobCategory>
    <ClassJob_ClassJobCategory>
      <ClassJob_Key>25</ClassJob_Key>
      <ClassJobCategory_Key>31</ClassJobCategory_Key>
    </ClassJob_ClassJobCategory>
    <ClassJob_ClassJobCategory>
      <ClassJob_Key>26</ClassJob_Key>
      <ClassJobCategory_Key>31</ClassJobCategory_Key>
    </ClassJob_ClassJobCategory>
    <ClassJob_ClassJobCategory>
      <ClassJob_Key>27</ClassJob_Key>
      <ClassJobCategory_Key>31</ClassJobCategory_Key>
    </ClassJob_ClassJobCategory>
    <ClassJob_ClassJobCategory>
      <ClassJob_Key>28</ClassJob_Key>
      <ClassJobCategory_Key>31</ClassJobCategory_Key>
    </ClassJob_ClassJobCategory>
    <ClassJob_ClassJobCategory>
      <ClassJob_Key>16</ClassJob_Key>
      <ClassJobCategory_Key>32</ClassJobCategory_Key>
    </ClassJob_ClassJobCategory>
    <ClassJob_ClassJobCategory>
      <ClassJob_Key>17</ClassJob_Key>
      <ClassJobCategory_Key>32</ClassJobCategory_Key>
    </ClassJob_ClassJobCategory>
    <ClassJob_ClassJobCategory>
      <ClassJob_Key>18</ClassJob_Key>
      <ClassJobCategory_Key>32</ClassJobCategory_Key>
    </ClassJob_ClassJobCategory>
    <ClassJob_ClassJobCategory>
      <ClassJob_Key>8</ClassJob_Key>
      <ClassJobCategory_Key>33</ClassJobCategory_Key>
    </ClassJob_ClassJobCategory>
    <ClassJob_ClassJobCategory>
      <ClassJob_Key>9</ClassJob_Key>
      <ClassJobCategory_Key>33</ClassJobCategory_Key>
    </ClassJob_ClassJobCategory>
    <ClassJob_ClassJobCategory>
      <ClassJob_Key>10</ClassJob_Key>
      <ClassJobCategory_Key>33</ClassJobCategory_Key>
    </ClassJob_ClassJobCategory>
    <ClassJob_ClassJobCategory>
      <ClassJob_Key>11</ClassJob_Key>
      <ClassJobCategory_Key>33</ClassJobCategory_Key>
    </ClassJob_ClassJobCategory>
    <ClassJob_ClassJobCategory>
      <ClassJob_Key>12</ClassJob_Key>
      <ClassJobCategory_Key>33</ClassJobCategory_Key>
    </ClassJob_ClassJobCategory>
    <ClassJob_ClassJobCategory>
      <ClassJob_Key>13</ClassJob_Key>
      <ClassJobCategory_Key>33</ClassJobCategory_Key>
    </ClassJob_ClassJobCategory>
    <ClassJob_ClassJobCategory>
      <ClassJob_Key>14</ClassJob_Key>
      <ClassJobCategory_Key>33</ClassJobCategory_Key>
    </ClassJob_ClassJobCategory>
    <ClassJob_ClassJobCategory>
      <ClassJob_Key>15</ClassJob_Key>
      <ClassJobCategory_Key>33</ClassJobCategory_Key>
    </ClassJob_ClassJobCategory>
    <ClassJob_ClassJobCategory>
      <ClassJob_Key>1</ClassJob_Key>
      <ClassJobCategory_Key>34</ClassJobCategory_Key>
    </ClassJob_ClassJobCategory>
    <ClassJob_ClassJobCategory>
      <ClassJob_Key>2</ClassJob_Key>
      <ClassJobCategory_Key>34</ClassJobCategory_Key>
    </ClassJob_ClassJobCategory>
    <ClassJob_ClassJobCategory>
      <ClassJob_Key>3</ClassJob_Key>
      <ClassJobCategory_Key>34</ClassJobCategory_Key>
    </ClassJob_ClassJobCategory>
    <ClassJob_ClassJobCategory>
      <ClassJob_Key>4</ClassJob_Key>
      <ClassJobCategory_Key>34</ClassJobCategory_Key>
    </ClassJob_ClassJobCategory>
    <ClassJob_ClassJobCategory>
      <ClassJob_Key>5</ClassJob_Key>
      <ClassJobCategory_Key>34</ClassJobCategory_Key>
    </ClassJob_ClassJobCategory>
    <ClassJob_ClassJobCategory>
      <ClassJob_Key>6</ClassJob_Key>
      <ClassJobCategory_Key>34</ClassJobCategory_Key>
    </ClassJob_ClassJobCategory>
    <ClassJob_ClassJobCategory>
      <ClassJob_Key>7</ClassJob_Key>
      <ClassJobCategory_Key>34</ClassJobCategory_Key>
    </ClassJob_ClassJobCategory>
    <ClassJob_ClassJobCategory>
      <ClassJob_Key>19</ClassJob_Key>
      <ClassJobCategory_Key>34</ClassJobCategory_Key>
    </ClassJob_ClassJobCategory>
    <ClassJob_ClassJobCategory>
      <ClassJob_Key>20</ClassJob_Key>
      <ClassJobCategory_Key>34</ClassJobCategory_Key>
    </ClassJob_ClassJobCategory>
    <ClassJob_ClassJobCategory>
      <ClassJob_Key>21</ClassJob_Key>
      <ClassJobCategory_Key>34</ClassJobCategory_Key>
    </ClassJob_ClassJobCategory>
    <ClassJob_ClassJobCategory>
      <ClassJob_Key>22</ClassJob_Key>
      <ClassJobCategory_Key>34</ClassJobCategory_Key>
    </ClassJob_ClassJobCategory>
    <ClassJob_ClassJobCategory>
      <ClassJob_Key>23</ClassJob_Key>
      <ClassJobCategory_Key>34</ClassJobCategory_Key>
    </ClassJob_ClassJobCategory>
    <ClassJob_ClassJobCategory>
      <ClassJob_Key>24</ClassJob_Key>
      <ClassJobCategory_Key>34</ClassJobCategory_Key>
    </ClassJob_ClassJobCategory>
    <ClassJob_ClassJobCategory>
      <ClassJob_Key>25</ClassJob_Key>
      <ClassJobCategory_Key>34</ClassJobCategory_Key>
    </ClassJob_ClassJobCategory>
    <ClassJob_ClassJobCategory>
      <ClassJob_Key>26</ClassJob_Key>
      <ClassJobCategory_Key>34</ClassJobCategory_Key>
    </ClassJob_ClassJobCategory>
    <ClassJob_ClassJobCategory>
      <ClassJob_Key>27</ClassJob_Key>
      <ClassJobCategory_Key>34</ClassJobCategory_Key>
    </ClassJob_ClassJobCategory>
    <ClassJob_ClassJobCategory>
      <ClassJob_Key>28</ClassJob_Key>
      <ClassJobCategory_Key>34</ClassJobCategory_Key>
    </ClassJob_ClassJobCategory>
    <ClassJob_ClassJobCategory>
      <ClassJob_Key>8</ClassJob_Key>
      <ClassJobCategory_Key>35</ClassJobCategory_Key>
    </ClassJob_ClassJobCategory>
    <ClassJob_ClassJobCategory>
      <ClassJob_Key>9</ClassJob_Key>
      <ClassJobCategory_Key>35</ClassJobCategory_Key>
    </ClassJob_ClassJobCategory>
    <ClassJob_ClassJobCategory>
      <ClassJob_Key>10</ClassJob_Key>
      <ClassJobCategory_Key>35</ClassJobCategory_Key>
    </ClassJob_ClassJobCategory>
    <ClassJob_ClassJobCategory>
      <ClassJob_Key>11</ClassJob_Key>
      <ClassJobCategory_Key>35</ClassJobCategory_Key>
    </ClassJob_ClassJobCategory>
    <ClassJob_ClassJobCategory>
      <ClassJob_Key>12</ClassJob_Key>
      <ClassJobCategory_Key>35</ClassJobCategory_Key>
    </ClassJob_ClassJobCategory>
    <ClassJob_ClassJobCategory>
      <ClassJob_Key>13</ClassJob_Key>
      <ClassJobCategory_Key>35</ClassJobCategory_Key>
    </ClassJob_ClassJobCategory>
    <ClassJob_ClassJobCategory>
      <ClassJob_Key>14</ClassJob_Key>
      <ClassJobCategory_Key>35</ClassJobCategory_Key>
    </ClassJob_ClassJobCategory>
    <ClassJob_ClassJobCategory>
      <ClassJob_Key>15</ClassJob_Key>
      <ClassJobCategory_Key>35</ClassJobCategory_Key>
    </ClassJob_ClassJobCategory>
    <ClassJob_ClassJobCategory>
      <ClassJob_Key>16</ClassJob_Key>
      <ClassJobCategory_Key>35</ClassJobCategory_Key>
    </ClassJob_ClassJobCategory>
    <ClassJob_ClassJobCategory>
      <ClassJob_Key>17</ClassJob_Key>
      <ClassJobCategory_Key>35</ClassJobCategory_Key>
    </ClassJob_ClassJobCategory>
    <ClassJob_ClassJobCategory>
      <ClassJob_Key>18</ClassJob_Key>
      <ClassJobCategory_Key>35</ClassJobCategory_Key>
    </ClassJob_ClassJobCategory>
    <ClassJob_ClassJobCategory>
      <ClassJob_Key>2</ClassJob_Key>
      <ClassJobCategory_Key>36</ClassJobCategory_Key>
    </ClassJob_ClassJobCategory>
    <ClassJob_ClassJobCategory>
      <ClassJob_Key>3</ClassJob_Key>
      <ClassJobCategory_Key>36</ClassJobCategory_Key>
    </ClassJob_ClassJobCategory>
    <ClassJob_ClassJobCategory>
      <ClassJob_Key>4</ClassJob_Key>
      <ClassJobCategory_Key>36</ClassJobCategory_Key>
    </ClassJob_ClassJobCategory>
    <ClassJob_ClassJobCategory>
      <ClassJob_Key>5</ClassJob_Key>
      <ClassJobCategory_Key>36</ClassJobCategory_Key>
    </ClassJob_ClassJobCategory>
    <ClassJob_ClassJobCategory>
      <ClassJob_Key>19</ClassJob_Key>
      <ClassJobCategory_Key>36</ClassJobCategory_Key>
    </ClassJob_ClassJobCategory>
    <ClassJob_ClassJobCategory>
      <ClassJob_Key>20</ClassJob_Key>
      <ClassJobCategory_Key>36</ClassJobCategory_Key>
    </ClassJob_ClassJobCategory>
    <ClassJob_ClassJobCategory>
      <ClassJob_Key>21</ClassJob_Key>
      <ClassJobCategory_Key>36</ClassJobCategory_Key>
    </ClassJob_ClassJobCategory>
    <ClassJob_ClassJobCategory>
      <ClassJob_Key>22</ClassJob_Key>
      <ClassJobCategory_Key>36</ClassJobCategory_Key>
    </ClassJob_ClassJobCategory>
    <ClassJob_ClassJobCategory>
      <ClassJob_Key>23</ClassJob_Key>
      <ClassJobCategory_Key>36</ClassJobCategory_Key>
    </ClassJob_ClassJobCategory>
    <ClassJob_ClassJobCategory>
      <ClassJob_Key>1</ClassJob_Key>
      <ClassJobCategory_Key>37</ClassJobCategory_Key>
    </ClassJob_ClassJobCategory>
    <ClassJob_ClassJobCategory>
      <ClassJob_Key>2</ClassJob_Key>
      <ClassJobCategory_Key>37</ClassJobCategory_Key>
    </ClassJob_ClassJobCategory>
    <ClassJob_ClassJobCategory>
      <ClassJob_Key>3</ClassJob_Key>
      <ClassJobCategory_Key>37</ClassJobCategory_Key>
    </ClassJob_ClassJobCategory>
    <ClassJob_ClassJobCategory>
      <ClassJob_Key>4</ClassJob_Key>
      <ClassJobCategory_Key>37</ClassJobCategory_Key>
    </ClassJob_ClassJobCategory>
    <ClassJob_ClassJobCategory>
      <ClassJob_Key>5</ClassJob_Key>
      <ClassJobCategory_Key>37</ClassJobCategory_Key>
    </ClassJob_ClassJobCategory>
    <ClassJob_ClassJobCategory>
      <ClassJob_Key>6</ClassJob_Key>
      <ClassJobCategory_Key>37</ClassJobCategory_Key>
    </ClassJob_ClassJobCategory>
    <ClassJob_ClassJobCategory>
      <ClassJob_Key>7</ClassJob_Key>
      <ClassJobCategory_Key>37</ClassJobCategory_Key>
    </ClassJob_ClassJobCategory>
    <ClassJob_ClassJobCategory>
      <ClassJob_Key>19</ClassJob_Key>
      <ClassJobCategory_Key>37</ClassJobCategory_Key>
    </ClassJob_ClassJobCategory>
    <ClassJob_ClassJobCategory>
      <ClassJob_Key>21</ClassJob_Key>
      <ClassJobCategory_Key>37</ClassJobCategory_Key>
    </ClassJob_ClassJobCategory>
    <ClassJob_ClassJobCategory>
      <ClassJob_Key>26</ClassJob_Key>
      <ClassJobCategory_Key>37</ClassJobCategory_Key>
    </ClassJob_ClassJobCategory>
    <ClassJob_ClassJobCategory>
      <ClassJob_Key>1</ClassJob_Key>
      <ClassJobCategory_Key>38</ClassJobCategory_Key>
    </ClassJob_ClassJobCategory>
    <ClassJob_ClassJobCategory>
      <ClassJob_Key>19</ClassJob_Key>
      <ClassJobCategory_Key>38</ClassJobCategory_Key>
    </ClassJob_ClassJobCategory>
    <ClassJob_ClassJobCategory>
      <ClassJob_Key>1</ClassJob_Key>
      <ClassJobCategory_Key>39</ClassJobCategory_Key>
    </ClassJob_ClassJobCategory>
    <ClassJob_ClassJobCategory>
      <ClassJob_Key>2</ClassJob_Key>
      <ClassJobCategory_Key>39</ClassJobCategory_Key>
    </ClassJob_ClassJobCategory>
    <ClassJob_ClassJobCategory>
      <ClassJob_Key>3</ClassJob_Key>
      <ClassJobCategory_Key>39</ClassJobCategory_Key>
    </ClassJob_ClassJobCategory>
    <ClassJob_ClassJobCategory>
      <ClassJob_Key>4</ClassJob_Key>
      <ClassJobCategory_Key>39</ClassJobCategory_Key>
    </ClassJob_ClassJobCategory>
    <ClassJob_ClassJobCategory>
      <ClassJob_Key>5</ClassJob_Key>
      <ClassJobCategory_Key>39</ClassJobCategory_Key>
    </ClassJob_ClassJobCategory>
    <ClassJob_ClassJobCategory>
      <ClassJob_Key>19</ClassJob_Key>
      <ClassJobCategory_Key>39</ClassJobCategory_Key>
    </ClassJob_ClassJobCategory>
    <ClassJob_ClassJobCategory>
      <ClassJob_Key>21</ClassJob_Key>
      <ClassJobCategory_Key>39</ClassJobCategory_Key>
    </ClassJob_ClassJobCategory>
    <ClassJob_ClassJobCategory>
      <ClassJob_Key>1</ClassJob_Key>
      <ClassJobCategory_Key>40</ClassJobCategory_Key>
    </ClassJob_ClassJobCategory>
    <ClassJob_ClassJobCategory>
      <ClassJob_Key>2</ClassJob_Key>
      <ClassJobCategory_Key>40</ClassJobCategory_Key>
    </ClassJob_ClassJobCategory>
    <ClassJob_ClassJobCategory>
      <ClassJob_Key>3</ClassJob_Key>
      <ClassJobCategory_Key>40</ClassJobCategory_Key>
    </ClassJob_ClassJobCategory>
    <ClassJob_ClassJobCategory>
      <ClassJob_Key>4</ClassJob_Key>
      <ClassJobCategory_Key>40</ClassJobCategory_Key>
    </ClassJob_ClassJobCategory>
    <ClassJob_ClassJobCategory>
      <ClassJob_Key>5</ClassJob_Key>
      <ClassJobCategory_Key>40</ClassJobCategory_Key>
    </ClassJob_ClassJobCategory>
    <ClassJob_ClassJobCategory>
      <ClassJob_Key>6</ClassJob_Key>
      <ClassJobCategory_Key>40</ClassJobCategory_Key>
    </ClassJob_ClassJobCategory>
    <ClassJob_ClassJobCategory>
      <ClassJob_Key>7</ClassJob_Key>
      <ClassJobCategory_Key>40</ClassJobCategory_Key>
    </ClassJob_ClassJobCategory>
    <ClassJob_ClassJobCategory>
      <ClassJob_Key>20</ClassJob_Key>
      <ClassJobCategory_Key>40</ClassJobCategory_Key>
    </ClassJob_ClassJobCategory>
    <ClassJob_ClassJobCategory>
      <ClassJob_Key>21</ClassJob_Key>
      <ClassJobCategory_Key>40</ClassJobCategory_Key>
    </ClassJob_ClassJobCategory>
    <ClassJob_ClassJobCategory>
      <ClassJob_Key>22</ClassJob_Key>
      <ClassJobCategory_Key>40</ClassJobCategory_Key>
    </ClassJob_ClassJobCategory>
    <ClassJob_ClassJobCategory>
      <ClassJob_Key>23</ClassJob_Key>
      <ClassJobCategory_Key>40</ClassJobCategory_Key>
    </ClassJob_ClassJobCategory>
    <ClassJob_ClassJobCategory>
      <ClassJob_Key>26</ClassJob_Key>
      <ClassJobCategory_Key>40</ClassJobCategory_Key>
    </ClassJob_ClassJobCategory>
    <ClassJob_ClassJobCategory>
      <ClassJob_Key>2</ClassJob_Key>
      <ClassJobCategory_Key>41</ClassJobCategory_Key>
    </ClassJob_ClassJobCategory>
    <ClassJob_ClassJobCategory>
      <ClassJob_Key>20</ClassJob_Key>
      <ClassJobCategory_Key>41</ClassJobCategory_Key>
    </ClassJob_ClassJobCategory>
    <ClassJob_ClassJobCategory>
      <ClassJob_Key>1</ClassJob_Key>
      <ClassJobCategory_Key>42</ClassJobCategory_Key>
    </ClassJob_ClassJobCategory>
    <ClassJob_ClassJobCategory>
      <ClassJob_Key>2</ClassJob_Key>
      <ClassJobCategory_Key>42</ClassJobCategory_Key>
    </ClassJob_ClassJobCategory>
    <ClassJob_ClassJobCategory>
      <ClassJob_Key>3</ClassJob_Key>
      <ClassJobCategory_Key>42</ClassJobCategory_Key>
    </ClassJob_ClassJobCategory>
    <ClassJob_ClassJobCategory>
      <ClassJob_Key>4</ClassJob_Key>
      <ClassJobCategory_Key>42</ClassJobCategory_Key>
    </ClassJob_ClassJobCategory>
    <ClassJob_ClassJobCategory>
      <ClassJob_Key>5</ClassJob_Key>
      <ClassJobCategory_Key>42</ClassJobCategory_Key>
    </ClassJob_ClassJobCategory>
    <ClassJob_ClassJobCategory>
      <ClassJob_Key>20</ClassJob_Key>
      <ClassJobCategory_Key>42</ClassJobCategory_Key>
    </ClassJob_ClassJobCategory>
    <ClassJob_ClassJobCategory>
      <ClassJob_Key>21</ClassJob_Key>
      <ClassJobCategory_Key>42</ClassJobCategory_Key>
    </ClassJob_ClassJobCategory>
    <ClassJob_ClassJobCategory>
      <ClassJob_Key>22</ClassJob_Key>
      <ClassJobCategory_Key>42</ClassJobCategory_Key>
    </ClassJob_ClassJobCategory>
    <ClassJob_ClassJobCategory>
      <ClassJob_Key>23</ClassJob_Key>
      <ClassJobCategory_Key>42</ClassJobCategory_Key>
    </ClassJob_ClassJobCategory>
    <ClassJob_ClassJobCategory>
      <ClassJob_Key>1</ClassJob_Key>
      <ClassJobCategory_Key>43</ClassJobCategory_Key>
    </ClassJob_ClassJobCategory>
    <ClassJob_ClassJobCategory>
      <ClassJob_Key>2</ClassJob_Key>
      <ClassJobCategory_Key>43</ClassJobCategory_Key>
    </ClassJob_ClassJobCategory>
    <ClassJob_ClassJobCategory>
      <ClassJob_Key>3</ClassJob_Key>
      <ClassJobCategory_Key>43</ClassJobCategory_Key>
    </ClassJob_ClassJobCategory>
    <ClassJob_ClassJobCategory>
      <ClassJob_Key>4</ClassJob_Key>
      <ClassJobCategory_Key>43</ClassJobCategory_Key>
    </ClassJob_ClassJobCategory>
    <ClassJob_ClassJobCategory>
      <ClassJob_Key>5</ClassJob_Key>
      <ClassJobCategory_Key>43</ClassJobCategory_Key>
    </ClassJob_ClassJobCategory>
    <ClassJob_ClassJobCategory>
      <ClassJob_Key>6</ClassJob_Key>
      <ClassJobCategory_Key>43</ClassJobCategory_Key>
    </ClassJob_ClassJobCategory>
    <ClassJob_ClassJobCategory>
      <ClassJob_Key>7</ClassJob_Key>
      <ClassJobCategory_Key>43</ClassJobCategory_Key>
    </ClassJob_ClassJobCategory>
    <ClassJob_ClassJobCategory>
      <ClassJob_Key>19</ClassJob_Key>
      <ClassJobCategory_Key>43</ClassJobCategory_Key>
    </ClassJob_ClassJobCategory>
    <ClassJob_ClassJobCategory>
      <ClassJob_Key>20</ClassJob_Key>
      <ClassJobCategory_Key>43</ClassJobCategory_Key>
    </ClassJob_ClassJobCategory>
    <ClassJob_ClassJobCategory>
      <ClassJob_Key>21</ClassJob_Key>
      <ClassJobCategory_Key>43</ClassJobCategory_Key>
    </ClassJob_ClassJobCategory>
    <ClassJob_ClassJobCategory>
      <ClassJob_Key>22</ClassJob_Key>
      <ClassJobCategory_Key>43</ClassJobCategory_Key>
    </ClassJob_ClassJobCategory>
    <ClassJob_ClassJobCategory>
      <ClassJob_Key>26</ClassJob_Key>
      <ClassJobCategory_Key>43</ClassJobCategory_Key>
    </ClassJob_ClassJobCategory>
    <ClassJob_ClassJobCategory>
      <ClassJob_Key>3</ClassJob_Key>
      <ClassJobCategory_Key>44</ClassJobCategory_Key>
    </ClassJob_ClassJobCategory>
    <ClassJob_ClassJobCategory>
      <ClassJob_Key>21</ClassJob_Key>
      <ClassJobCategory_Key>44</ClassJobCategory_Key>
    </ClassJob_ClassJobCategory>
    <ClassJob_ClassJobCategory>
      <ClassJob_Key>1</ClassJob_Key>
      <ClassJobCategory_Key>45</ClassJobCategory_Key>
    </ClassJob_ClassJobCategory>
    <ClassJob_ClassJobCategory>
      <ClassJob_Key>2</ClassJob_Key>
      <ClassJobCategory_Key>45</ClassJobCategory_Key>
    </ClassJob_ClassJobCategory>
    <ClassJob_ClassJobCategory>
      <ClassJob_Key>3</ClassJob_Key>
      <ClassJobCategory_Key>45</ClassJobCategory_Key>
    </ClassJob_ClassJobCategory>
    <ClassJob_ClassJobCategory>
      <ClassJob_Key>4</ClassJob_Key>
      <ClassJobCategory_Key>45</ClassJobCategory_Key>
    </ClassJob_ClassJobCategory>
    <ClassJob_ClassJobCategory>
      <ClassJob_Key>5</ClassJob_Key>
      <ClassJobCategory_Key>45</ClassJobCategory_Key>
    </ClassJob_ClassJobCategory>
    <ClassJob_ClassJobCategory>
      <ClassJob_Key>19</ClassJob_Key>
      <ClassJobCategory_Key>45</ClassJobCategory_Key>
    </ClassJob_ClassJobCategory>
    <ClassJob_ClassJobCategory>
      <ClassJob_Key>20</ClassJob_Key>
      <ClassJobCategory_Key>45</ClassJobCategory_Key>
    </ClassJob_ClassJobCategory>
    <ClassJob_ClassJobCategory>
      <ClassJob_Key>21</ClassJob_Key>
      <ClassJobCategory_Key>45</ClassJobCategory_Key>
    </ClassJob_ClassJobCategory>
    <ClassJob_ClassJobCategory>
      <ClassJob_Key>22</ClassJob_Key>
      <ClassJobCategory_Key>45</ClassJobCategory_Key>
    </ClassJob_ClassJobCategory>
    <ClassJob_ClassJobCategory>
      <ClassJob_Key>1</ClassJob_Key>
      <ClassJobCategory_Key>46</ClassJobCategory_Key>
    </ClassJob_ClassJobCategory>
    <ClassJob_ClassJobCategory>
      <ClassJob_Key>2</ClassJob_Key>
      <ClassJobCategory_Key>46</ClassJobCategory_Key>
    </ClassJob_ClassJobCategory>
    <ClassJob_ClassJobCategory>
      <ClassJob_Key>3</ClassJob_Key>
      <ClassJobCategory_Key>46</ClassJobCategory_Key>
    </ClassJob_ClassJobCategory>
    <ClassJob_ClassJobCategory>
      <ClassJob_Key>4</ClassJob_Key>
      <ClassJobCategory_Key>46</ClassJobCategory_Key>
    </ClassJob_ClassJobCategory>
    <ClassJob_ClassJobCategory>
      <ClassJob_Key>5</ClassJob_Key>
      <ClassJobCategory_Key>46</ClassJobCategory_Key>
    </ClassJob_ClassJobCategory>
    <ClassJob_ClassJobCategory>
      <ClassJob_Key>6</ClassJob_Key>
      <ClassJobCategory_Key>46</ClassJobCategory_Key>
    </ClassJob_ClassJobCategory>
    <ClassJob_ClassJobCategory>
      <ClassJob_Key>7</ClassJob_Key>
      <ClassJobCategory_Key>46</ClassJobCategory_Key>
    </ClassJob_ClassJobCategory>
    <ClassJob_ClassJobCategory>
      <ClassJob_Key>20</ClassJob_Key>
      <ClassJobCategory_Key>46</ClassJobCategory_Key>
    </ClassJob_ClassJobCategory>
    <ClassJob_ClassJobCategory>
      <ClassJob_Key>22</ClassJob_Key>
      <ClassJobCategory_Key>46</ClassJobCategory_Key>
    </ClassJob_ClassJobCategory>
    <ClassJob_ClassJobCategory>
      <ClassJob_Key>23</ClassJob_Key>
      <ClassJobCategory_Key>46</ClassJobCategory_Key>
    </ClassJob_ClassJobCategory>
    <ClassJob_ClassJobCategory>
      <ClassJob_Key>26</ClassJob_Key>
      <ClassJobCategory_Key>46</ClassJobCategory_Key>
    </ClassJob_ClassJobCategory>
    <ClassJob_ClassJobCategory>
      <ClassJob_Key>4</ClassJob_Key>
      <ClassJobCategory_Key>47</ClassJobCategory_Key>
    </ClassJob_ClassJobCategory>
    <ClassJob_ClassJobCategory>
      <ClassJob_Key>22</ClassJob_Key>
      <ClassJobCategory_Key>47</ClassJobCategory_Key>
    </ClassJob_ClassJobCategory>
    <ClassJob_ClassJobCategory>
      <ClassJob_Key>1</ClassJob_Key>
      <ClassJobCategory_Key>48</ClassJobCategory_Key>
    </ClassJob_ClassJobCategory>
    <ClassJob_ClassJobCategory>
      <ClassJob_Key>2</ClassJob_Key>
      <ClassJobCategory_Key>48</ClassJobCategory_Key>
    </ClassJob_ClassJobCategory>
    <ClassJob_ClassJobCategory>
      <ClassJob_Key>3</ClassJob_Key>
      <ClassJobCategory_Key>48</ClassJobCategory_Key>
    </ClassJob_ClassJobCategory>
    <ClassJob_ClassJobCategory>
      <ClassJob_Key>4</ClassJob_Key>
      <ClassJobCategory_Key>48</ClassJobCategory_Key>
    </ClassJob_ClassJobCategory>
    <ClassJob_ClassJobCategory>
      <ClassJob_Key>5</ClassJob_Key>
      <ClassJobCategory_Key>48</ClassJobCategory_Key>
    </ClassJob_ClassJobCategory>
    <ClassJob_ClassJobCategory>
      <ClassJob_Key>20</ClassJob_Key>
      <ClassJobCategory_Key>48</ClassJobCategory_Key>
    </ClassJob_ClassJobCategory>
    <ClassJob_ClassJobCategory>
      <ClassJob_Key>22</ClassJob_Key>
      <ClassJobCategory_Key>48</ClassJobCategory_Key>
    </ClassJob_ClassJobCategory>
    <ClassJob_ClassJobCategory>
      <ClassJob_Key>23</ClassJob_Key>
      <ClassJobCategory_Key>48</ClassJobCategory_Key>
    </ClassJob_ClassJobCategory>
    <ClassJob_ClassJobCategory>
      <ClassJob_Key>1</ClassJob_Key>
      <ClassJobCategory_Key>49</ClassJobCategory_Key>
    </ClassJob_ClassJobCategory>
    <ClassJob_ClassJobCategory>
      <ClassJob_Key>2</ClassJob_Key>
      <ClassJobCategory_Key>49</ClassJobCategory_Key>
    </ClassJob_ClassJobCategory>
    <ClassJob_ClassJobCategory>
      <ClassJob_Key>3</ClassJob_Key>
      <ClassJobCategory_Key>49</ClassJobCategory_Key>
    </ClassJob_ClassJobCategory>
    <ClassJob_ClassJobCategory>
      <ClassJob_Key>4</ClassJob_Key>
      <ClassJobCategory_Key>49</ClassJobCategory_Key>
    </ClassJob_ClassJobCategory>
    <ClassJob_ClassJobCategory>
      <ClassJob_Key>5</ClassJob_Key>
      <ClassJobCategory_Key>49</ClassJobCategory_Key>
    </ClassJob_ClassJobCategory>
    <ClassJob_ClassJobCategory>
      <ClassJob_Key>6</ClassJob_Key>
      <ClassJobCategory_Key>49</ClassJobCategory_Key>
    </ClassJob_ClassJobCategory>
    <ClassJob_ClassJobCategory>
      <ClassJob_Key>7</ClassJob_Key>
      <ClassJobCategory_Key>49</ClassJobCategory_Key>
    </ClassJob_ClassJobCategory>
    <ClassJob_ClassJobCategory>
      <ClassJob_Key>23</ClassJob_Key>
      <ClassJobCategory_Key>49</ClassJobCategory_Key>
    </ClassJob_ClassJobCategory>
    <ClassJob_ClassJobCategory>
      <ClassJob_Key>25</ClassJob_Key>
      <ClassJobCategory_Key>49</ClassJobCategory_Key>
    </ClassJob_ClassJobCategory>
    <ClassJob_ClassJobCategory>
      <ClassJob_Key>26</ClassJob_Key>
      <ClassJobCategory_Key>49</ClassJobCategory_Key>
    </ClassJob_ClassJobCategory>
    <ClassJob_ClassJobCategory>
      <ClassJob_Key>27</ClassJob_Key>
      <ClassJobCategory_Key>49</ClassJobCategory_Key>
    </ClassJob_ClassJobCategory>
    <ClassJob_ClassJobCategory>
      <ClassJob_Key>5</ClassJob_Key>
      <ClassJobCategory_Key>50</ClassJobCategory_Key>
    </ClassJob_ClassJobCategory>
    <ClassJob_ClassJobCategory>
      <ClassJob_Key>23</ClassJob_Key>
      <ClassJobCategory_Key>50</ClassJobCategory_Key>
    </ClassJob_ClassJobCategory>
    <ClassJob_ClassJobCategory>
      <ClassJob_Key>1</ClassJob_Key>
      <ClassJobCategory_Key>51</ClassJobCategory_Key>
    </ClassJob_ClassJobCategory>
    <ClassJob_ClassJobCategory>
      <ClassJob_Key>2</ClassJob_Key>
      <ClassJobCategory_Key>51</ClassJobCategory_Key>
    </ClassJob_ClassJobCategory>
    <ClassJob_ClassJobCategory>
      <ClassJob_Key>3</ClassJob_Key>
      <ClassJobCategory_Key>51</ClassJobCategory_Key>
    </ClassJob_ClassJobCategory>
    <ClassJob_ClassJobCategory>
      <ClassJob_Key>4</ClassJob_Key>
      <ClassJobCategory_Key>51</ClassJobCategory_Key>
    </ClassJob_ClassJobCategory>
    <ClassJob_ClassJobCategory>
      <ClassJob_Key>5</ClassJob_Key>
      <ClassJobCategory_Key>51</ClassJobCategory_Key>
    </ClassJob_ClassJobCategory>
    <ClassJob_ClassJobCategory>
      <ClassJob_Key>23</ClassJob_Key>
      <ClassJobCategory_Key>51</ClassJobCategory_Key>
    </ClassJob_ClassJobCategory>
    <ClassJob_ClassJobCategory>
      <ClassJob_Key>1</ClassJob_Key>
      <ClassJobCategory_Key>52</ClassJobCategory_Key>
    </ClassJob_ClassJobCategory>
    <ClassJob_ClassJobCategory>
      <ClassJob_Key>2</ClassJob_Key>
      <ClassJobCategory_Key>52</ClassJobCategory_Key>
    </ClassJob_ClassJobCategory>
    <ClassJob_ClassJobCategory>
      <ClassJob_Key>3</ClassJob_Key>
      <ClassJobCategory_Key>52</ClassJobCategory_Key>
    </ClassJob_ClassJobCategory>
    <ClassJob_ClassJobCategory>
      <ClassJob_Key>4</ClassJob_Key>
      <ClassJobCategory_Key>52</ClassJobCategory_Key>
    </ClassJob_ClassJobCategory>
    <ClassJob_ClassJobCategory>
      <ClassJob_Key>5</ClassJob_Key>
      <ClassJobCategory_Key>52</ClassJobCategory_Key>
    </ClassJob_ClassJobCategory>
    <ClassJob_ClassJobCategory>
      <ClassJob_Key>6</ClassJob_Key>
      <ClassJobCategory_Key>52</ClassJobCategory_Key>
    </ClassJob_ClassJobCategory>
    <ClassJob_ClassJobCategory>
      <ClassJob_Key>7</ClassJob_Key>
      <ClassJobCategory_Key>52</ClassJobCategory_Key>
    </ClassJob_ClassJobCategory>
    <ClassJob_ClassJobCategory>
      <ClassJob_Key>19</ClassJob_Key>
      <ClassJobCategory_Key>52</ClassJobCategory_Key>
    </ClassJob_ClassJobCategory>
    <ClassJob_ClassJobCategory>
      <ClassJob_Key>24</ClassJob_Key>
      <ClassJobCategory_Key>52</ClassJobCategory_Key>
    </ClassJob_ClassJobCategory>
    <ClassJob_ClassJobCategory>
      <ClassJob_Key>26</ClassJob_Key>
      <ClassJobCategory_Key>52</ClassJobCategory_Key>
    </ClassJob_ClassJobCategory>
    <ClassJob_ClassJobCategory>
      <ClassJob_Key>28</ClassJob_Key>
      <ClassJobCategory_Key>52</ClassJobCategory_Key>
    </ClassJob_ClassJobCategory>
    <ClassJob_ClassJobCategory>
      <ClassJob_Key>6</ClassJob_Key>
      <ClassJobCategory_Key>53</ClassJobCategory_Key>
    </ClassJob_ClassJobCategory>
    <ClassJob_ClassJobCategory>
      <ClassJob_Key>24</ClassJob_Key>
      <ClassJobCategory_Key>53</ClassJobCategory_Key>
    </ClassJob_ClassJobCategory>
    <ClassJob_ClassJobCategory>
      <ClassJob_Key>1</ClassJob_Key>
      <ClassJobCategory_Key>54</ClassJobCategory_Key>
    </ClassJob_ClassJobCategory>
    <ClassJob_ClassJobCategory>
      <ClassJob_Key>2</ClassJob_Key>
      <ClassJobCategory_Key>54</ClassJobCategory_Key>
    </ClassJob_ClassJobCategory>
    <ClassJob_ClassJobCategory>
      <ClassJob_Key>3</ClassJob_Key>
      <ClassJobCategory_Key>54</ClassJobCategory_Key>
    </ClassJob_ClassJobCategory>
    <ClassJob_ClassJobCategory>
      <ClassJob_Key>4</ClassJob_Key>
      <ClassJobCategory_Key>54</ClassJobCategory_Key>
    </ClassJob_ClassJobCategory>
    <ClassJob_ClassJobCategory>
      <ClassJob_Key>5</ClassJob_Key>
      <ClassJobCategory_Key>54</ClassJobCategory_Key>
    </ClassJob_ClassJobCategory>
    <ClassJob_ClassJobCategory>
      <ClassJob_Key>6</ClassJob_Key>
      <ClassJobCategory_Key>54</ClassJobCategory_Key>
    </ClassJob_ClassJobCategory>
    <ClassJob_ClassJobCategory>
      <ClassJob_Key>7</ClassJob_Key>
      <ClassJobCategory_Key>54</ClassJobCategory_Key>
    </ClassJob_ClassJobCategory>
    <ClassJob_ClassJobCategory>
      <ClassJob_Key>24</ClassJob_Key>
      <ClassJobCategory_Key>54</ClassJobCategory_Key>
    </ClassJob_ClassJobCategory>
    <ClassJob_ClassJobCategory>
      <ClassJob_Key>25</ClassJob_Key>
      <ClassJobCategory_Key>54</ClassJobCategory_Key>
    </ClassJob_ClassJobCategory>
    <ClassJob_ClassJobCategory>
      <ClassJob_Key>26</ClassJob_Key>
      <ClassJobCategory_Key>54</ClassJobCategory_Key>
    </ClassJob_ClassJobCategory>
    <ClassJob_ClassJobCategory>
      <ClassJob_Key>27</ClassJob_Key>
      <ClassJobCategory_Key>54</ClassJobCategory_Key>
    </ClassJob_ClassJobCategory>
    <ClassJob_ClassJobCategory>
      <ClassJob_Key>28</ClassJob_Key>
      <ClassJobCategory_Key>54</ClassJobCategory_Key>
    </ClassJob_ClassJobCategory>
    <ClassJob_ClassJobCategory>
      <ClassJob_Key>7</ClassJob_Key>
      <ClassJobCategory_Key>55</ClassJobCategory_Key>
    </ClassJob_ClassJobCategory>
    <ClassJob_ClassJobCategory>
      <ClassJob_Key>25</ClassJob_Key>
      <ClassJobCategory_Key>55</ClassJobCategory_Key>
    </ClassJob_ClassJobCategory>
    <ClassJob_ClassJobCategory>
      <ClassJob_Key>1</ClassJob_Key>
      <ClassJobCategory_Key>56</ClassJobCategory_Key>
    </ClassJob_ClassJobCategory>
    <ClassJob_ClassJobCategory>
      <ClassJob_Key>6</ClassJob_Key>
      <ClassJobCategory_Key>56</ClassJobCategory_Key>
    </ClassJob_ClassJobCategory>
    <ClassJob_ClassJobCategory>
      <ClassJob_Key>7</ClassJob_Key>
      <ClassJobCategory_Key>56</ClassJobCategory_Key>
    </ClassJob_ClassJobCategory>
    <ClassJob_ClassJobCategory>
      <ClassJob_Key>19</ClassJob_Key>
      <ClassJobCategory_Key>56</ClassJobCategory_Key>
    </ClassJob_ClassJobCategory>
    <ClassJob_ClassJobCategory>
      <ClassJob_Key>24</ClassJob_Key>
      <ClassJobCategory_Key>56</ClassJobCategory_Key>
    </ClassJob_ClassJobCategory>
    <ClassJob_ClassJobCategory>
      <ClassJob_Key>25</ClassJob_Key>
      <ClassJobCategory_Key>56</ClassJobCategory_Key>
    </ClassJob_ClassJobCategory>
    <ClassJob_ClassJobCategory>
      <ClassJob_Key>1</ClassJob_Key>
      <ClassJobCategory_Key>57</ClassJobCategory_Key>
    </ClassJob_ClassJobCategory>
    <ClassJob_ClassJobCategory>
      <ClassJob_Key>7</ClassJob_Key>
      <ClassJobCategory_Key>57</ClassJobCategory_Key>
    </ClassJob_ClassJobCategory>
    <ClassJob_ClassJobCategory>
      <ClassJob_Key>19</ClassJob_Key>
      <ClassJobCategory_Key>57</ClassJobCategory_Key>
    </ClassJob_ClassJobCategory>
    <ClassJob_ClassJobCategory>
      <ClassJob_Key>25</ClassJob_Key>
      <ClassJobCategory_Key>57</ClassJobCategory_Key>
    </ClassJob_ClassJobCategory>
    <ClassJob_ClassJobCategory>
      <ClassJob_Key>1</ClassJob_Key>
      <ClassJobCategory_Key>58</ClassJobCategory_Key>
    </ClassJob_ClassJobCategory>
    <ClassJob_ClassJobCategory>
      <ClassJob_Key>6</ClassJob_Key>
      <ClassJobCategory_Key>58</ClassJobCategory_Key>
    </ClassJob_ClassJobCategory>
    <ClassJob_ClassJobCategory>
      <ClassJob_Key>19</ClassJob_Key>
      <ClassJobCategory_Key>58</ClassJobCategory_Key>
    </ClassJob_ClassJobCategory>
    <ClassJob_ClassJobCategory>
      <ClassJob_Key>24</ClassJob_Key>
      <ClassJobCategory_Key>58</ClassJobCategory_Key>
    </ClassJob_ClassJobCategory>
    <ClassJob_ClassJobCategory>
      <ClassJob_Key>1</ClassJob_Key>
      <ClassJobCategory_Key>59</ClassJobCategory_Key>
    </ClassJob_ClassJobCategory>
    <ClassJob_ClassJobCategory>
      <ClassJob_Key>3</ClassJob_Key>
      <ClassJobCategory_Key>59</ClassJobCategory_Key>
    </ClassJob_ClassJobCategory>
    <ClassJob_ClassJobCategory>
      <ClassJob_Key>19</ClassJob_Key>
      <ClassJobCategory_Key>59</ClassJobCategory_Key>
    </ClassJob_ClassJobCategory>
    <ClassJob_ClassJobCategory>
      <ClassJob_Key>21</ClassJob_Key>
      <ClassJobCategory_Key>59</ClassJobCategory_Key>
    </ClassJob_ClassJobCategory>
    <ClassJob_ClassJobCategory>
      <ClassJob_Key>1</ClassJob_Key>
      <ClassJobCategory_Key>60</ClassJobCategory_Key>
    </ClassJob_ClassJobCategory>
    <ClassJob_ClassJobCategory>
      <ClassJob_Key>3</ClassJob_Key>
      <ClassJobCategory_Key>60</ClassJobCategory_Key>
    </ClassJob_ClassJobCategory>
    <ClassJob_ClassJobCategory>
      <ClassJob_Key>4</ClassJob_Key>
      <ClassJobCategory_Key>60</ClassJobCategory_Key>
    </ClassJob_ClassJobCategory>
    <ClassJob_ClassJobCategory>
      <ClassJob_Key>19</ClassJob_Key>
      <ClassJobCategory_Key>60</ClassJobCategory_Key>
    </ClassJob_ClassJobCategory>
    <ClassJob_ClassJobCategory>
      <ClassJob_Key>21</ClassJob_Key>
      <ClassJobCategory_Key>60</ClassJobCategory_Key>
    </ClassJob_ClassJobCategory>
    <ClassJob_ClassJobCategory>
      <ClassJob_Key>22</ClassJob_Key>
      <ClassJobCategory_Key>60</ClassJobCategory_Key>
    </ClassJob_ClassJobCategory>
    <ClassJob_ClassJobCategory>
      <ClassJob_Key>6</ClassJob_Key>
      <ClassJobCategory_Key>61</ClassJobCategory_Key>
    </ClassJob_ClassJobCategory>
    <ClassJob_ClassJobCategory>
      <ClassJob_Key>7</ClassJob_Key>
      <ClassJobCategory_Key>61</ClassJobCategory_Key>
    </ClassJob_ClassJobCategory>
    <ClassJob_ClassJobCategory>
      <ClassJob_Key>24</ClassJob_Key>
      <ClassJobCategory_Key>61</ClassJobCategory_Key>
    </ClassJob_ClassJobCategory>
    <ClassJob_ClassJobCategory>
      <ClassJob_Key>26</ClassJob_Key>
      <ClassJobCategory_Key>61</ClassJobCategory_Key>
    </ClassJob_ClassJobCategory>
    <ClassJob_ClassJobCategory>
      <ClassJob_Key>28</ClassJob_Key>
      <ClassJobCategory_Key>61</ClassJobCategory_Key>
    </ClassJob_ClassJobCategory>
    <ClassJob_ClassJobCategory>
      <ClassJob_Key>6</ClassJob_Key>
      <ClassJobCategory_Key>62</ClassJobCategory_Key>
    </ClassJob_ClassJobCategory>
    <ClassJob_ClassJobCategory>
      <ClassJob_Key>7</ClassJob_Key>
      <ClassJobCategory_Key>62</ClassJobCategory_Key>
    </ClassJob_ClassJobCategory>
    <ClassJob_ClassJobCategory>
      <ClassJob_Key>24</ClassJob_Key>
      <ClassJobCategory_Key>62</ClassJobCategory_Key>
    </ClassJob_ClassJobCategory>
    <ClassJob_ClassJobCategory>
      <ClassJob_Key>25</ClassJob_Key>
      <ClassJobCategory_Key>62</ClassJobCategory_Key>
    </ClassJob_ClassJobCategory>
    <ClassJob_ClassJobCategory>
      <ClassJob_Key>26</ClassJob_Key>
      <ClassJobCategory_Key>62</ClassJobCategory_Key>
    </ClassJob_ClassJobCategory>
    <ClassJob_ClassJobCategory>
      <ClassJob_Key>27</ClassJob_Key>
      <ClassJobCategory_Key>62</ClassJobCategory_Key>
    </ClassJob_ClassJobCategory>
    <ClassJob_ClassJobCategory>
      <ClassJob_Key>28</ClassJob_Key>
      <ClassJobCategory_Key>62</ClassJobCategory_Key>
    </ClassJob_ClassJobCategory>
    <ClassJob_ClassJobCategory>
      <ClassJob_Key>7</ClassJob_Key>
      <ClassJobCategory_Key>63</ClassJobCategory_Key>
    </ClassJob_ClassJobCategory>
    <ClassJob_ClassJobCategory>
      <ClassJob_Key>25</ClassJob_Key>
      <ClassJobCategory_Key>63</ClassJobCategory_Key>
    </ClassJob_ClassJobCategory>
    <ClassJob_ClassJobCategory>
      <ClassJob_Key>26</ClassJob_Key>
      <ClassJobCategory_Key>63</ClassJobCategory_Key>
    </ClassJob_ClassJobCategory>
    <ClassJob_ClassJobCategory>
      <ClassJob_Key>27</ClassJob_Key>
      <ClassJobCategory_Key>63</ClassJobCategory_Key>
    </ClassJob_ClassJobCategory>
    <ClassJob_ClassJobCategory>
      <ClassJob_Key>6</ClassJob_Key>
      <ClassJobCategory_Key>64</ClassJobCategory_Key>
    </ClassJob_ClassJobCategory>
    <ClassJob_ClassJobCategory>
      <ClassJob_Key>24</ClassJob_Key>
      <ClassJobCategory_Key>64</ClassJobCategory_Key>
    </ClassJob_ClassJobCategory>
    <ClassJob_ClassJobCategory>
      <ClassJob_Key>28</ClassJob_Key>
      <ClassJobCategory_Key>64</ClassJobCategory_Key>
    </ClassJob_ClassJobCategory>
    <ClassJob_ClassJobCategory>
      <ClassJob_Key>2</ClassJob_Key>
      <ClassJobCategory_Key>65</ClassJobCategory_Key>
    </ClassJob_ClassJobCategory>
    <ClassJob_ClassJobCategory>
      <ClassJob_Key>20</ClassJob_Key>
      <ClassJobCategory_Key>65</ClassJobCategory_Key>
    </ClassJob_ClassJobCategory>
    <ClassJob_ClassJobCategory>
      <ClassJob_Key>5</ClassJob_Key>
      <ClassJobCategory_Key>66</ClassJobCategory_Key>
    </ClassJob_ClassJobCategory>
    <ClassJob_ClassJobCategory>
      <ClassJob_Key>23</ClassJob_Key>
      <ClassJobCategory_Key>66</ClassJobCategory_Key>
    </ClassJob_ClassJobCategory>
    <ClassJob_ClassJobCategory>
      <ClassJob_Key>1</ClassJob_Key>
      <ClassJobCategory_Key>67</ClassJobCategory_Key>
    </ClassJob_ClassJobCategory>
    <ClassJob_ClassJobCategory>
      <ClassJob_Key>2</ClassJob_Key>
      <ClassJobCategory_Key>67</ClassJobCategory_Key>
    </ClassJob_ClassJobCategory>
    <ClassJob_ClassJobCategory>
      <ClassJob_Key>3</ClassJob_Key>
      <ClassJobCategory_Key>67</ClassJobCategory_Key>
    </ClassJob_ClassJobCategory>
    <ClassJob_ClassJobCategory>
      <ClassJob_Key>4</ClassJob_Key>
      <ClassJobCategory_Key>67</ClassJobCategory_Key>
    </ClassJob_ClassJobCategory>
    <ClassJob_ClassJobCategory>
      <ClassJob_Key>20</ClassJob_Key>
      <ClassJobCategory_Key>67</ClassJobCategory_Key>
    </ClassJob_ClassJobCategory>
    <ClassJob_ClassJobCategory>
      <ClassJob_Key>22</ClassJob_Key>
      <ClassJobCategory_Key>67</ClassJobCategory_Key>
    </ClassJob_ClassJobCategory>
    <ClassJob_ClassJobCategory>
      <ClassJob_Key>26</ClassJob_Key>
      <ClassJobCategory_Key>68</ClassJobCategory_Key>
    </ClassJob_ClassJobCategory>
    <ClassJob_ClassJobCategory>
      <ClassJob_Key>27</ClassJob_Key>
      <ClassJobCategory_Key>68</ClassJobCategory_Key>
    </ClassJob_ClassJobCategory>
    <ClassJob_ClassJobCategory>
      <ClassJob_Key>28</ClassJob_Key>
      <ClassJobCategory_Key>68</ClassJobCategory_Key>
    </ClassJob_ClassJobCategory>
    <ClassJob_ClassJobCategory>
      <ClassJob_Key>26</ClassJob_Key>
      <ClassJobCategory_Key>69</ClassJobCategory_Key>
    </ClassJob_ClassJobCategory>
    <ClassJob_ClassJobCategory>
      <ClassJob_Key>27</ClassJob_Key>
      <ClassJobCategory_Key>69</ClassJobCategory_Key>
    </ClassJob_ClassJobCategory>
    <ClassJob_ClassJobCategory>
      <ClassJob_Key>8</ClassJob_Key>
      <ClassJobCategory_Key>70</ClassJobCategory_Key>
    </ClassJob_ClassJobCategory>
    <ClassJob_ClassJobCategory>
      <ClassJob_Key>9</ClassJob_Key>
      <ClassJobCategory_Key>70</ClassJobCategory_Key>
    </ClassJob_ClassJobCategory>
    <ClassJob_ClassJobCategory>
      <ClassJob_Key>10</ClassJob_Key>
      <ClassJobCategory_Key>70</ClassJobCategory_Key>
    </ClassJob_ClassJobCategory>
    <ClassJob_ClassJobCategory>
      <ClassJob_Key>11</ClassJob_Key>
      <ClassJobCategory_Key>70</ClassJobCategory_Key>
    </ClassJob_ClassJobCategory>
    <ClassJob_ClassJobCategory>
      <ClassJob_Key>12</ClassJob_Key>
      <ClassJobCategory_Key>70</ClassJobCategory_Key>
    </ClassJob_ClassJobCategory>
    <ClassJob_ClassJobCategory>
      <ClassJob_Key>13</ClassJob_Key>
      <ClassJobCategory_Key>70</ClassJobCategory_Key>
    </ClassJob_ClassJobCategory>
    <ClassJob_ClassJobCategory>
      <ClassJob_Key>14</ClassJob_Key>
      <ClassJobCategory_Key>70</ClassJobCategory_Key>
    </ClassJob_ClassJobCategory>
    <ClassJob_ClassJobCategory>
      <ClassJob_Key>1</ClassJob_Key>
      <ClassJobCategory_Key>71</ClassJobCategory_Key>
    </ClassJob_ClassJobCategory>
    <ClassJob_ClassJobCategory>
      <ClassJob_Key>2</ClassJob_Key>
      <ClassJobCategory_Key>71</ClassJobCategory_Key>
    </ClassJob_ClassJobCategory>
    <ClassJob_ClassJobCategory>
      <ClassJob_Key>3</ClassJob_Key>
      <ClassJobCategory_Key>71</ClassJobCategory_Key>
    </ClassJob_ClassJobCategory>
    <ClassJob_ClassJobCategory>
      <ClassJob_Key>4</ClassJob_Key>
      <ClassJobCategory_Key>71</ClassJobCategory_Key>
    </ClassJob_ClassJobCategory>
    <ClassJob_ClassJobCategory>
      <ClassJob_Key>5</ClassJob_Key>
      <ClassJobCategory_Key>71</ClassJobCategory_Key>
    </ClassJob_ClassJobCategory>
    <ClassJob_ClassJobCategory>
      <ClassJob_Key>6</ClassJob_Key>
      <ClassJobCategory_Key>71</ClassJobCategory_Key>
    </ClassJob_ClassJobCategory>
    <ClassJob_ClassJobCategory>
      <ClassJob_Key>7</ClassJob_Key>
      <ClassJobCategory_Key>71</ClassJobCategory_Key>
    </ClassJob_ClassJobCategory>
    <ClassJob_ClassJobCategory>
      <ClassJob_Key>24</ClassJob_Key>
      <ClassJobCategory_Key>71</ClassJobCategory_Key>
    </ClassJob_ClassJobCategory>
    <ClassJob_ClassJobCategory>
      <ClassJob_Key>25</ClassJob_Key>
      <ClassJobCategory_Key>71</ClassJobCategory_Key>
    </ClassJob_ClassJobCategory>
    <ClassJob_ClassJobCategory>
      <ClassJob_Key>26</ClassJob_Key>
      <ClassJobCategory_Key>71</ClassJobCategory_Key>
    </ClassJob_ClassJobCategory>
    <ClassJob_ClassJobCategory>
      <ClassJob_Key>27</ClassJob_Key>
      <ClassJobCategory_Key>71</ClassJobCategory_Key>
    </ClassJob_ClassJobCategory>
    <ClassJob_ClassJobCategory>
      <ClassJob_Key>28</ClassJob_Key>
      <ClassJobCategory_Key>71</ClassJobCategory_Key>
    </ClassJob_ClassJobCategory>
    <ClassJob_ClassJobCategory>
      <ClassJob_Key>6</ClassJob_Key>
      <ClassJobCategory_Key>72</ClassJobCategory_Key>
    </ClassJob_ClassJobCategory>
    <ClassJob_ClassJobCategory>
      <ClassJob_Key>7</ClassJob_Key>
      <ClassJobCategory_Key>72</ClassJobCategory_Key>
    </ClassJob_ClassJobCategory>
    <ClassJob_ClassJobCategory>
      <ClassJob_Key>24</ClassJob_Key>
      <ClassJobCategory_Key>72</ClassJobCategory_Key>
    </ClassJob_ClassJobCategory>
    <ClassJob_ClassJobCategory>
      <ClassJob_Key>25</ClassJob_Key>
      <ClassJobCategory_Key>72</ClassJobCategory_Key>
    </ClassJob_ClassJobCategory>
    <ClassJob_ClassJobCategory>
      <ClassJob_Key>26</ClassJob_Key>
      <ClassJobCategory_Key>72</ClassJobCategory_Key>
    </ClassJob_ClassJobCategory>
    <ClassJob_ClassJobCategory>
      <ClassJob_Key>27</ClassJob_Key>
      <ClassJobCategory_Key>72</ClassJobCategory_Key>
    </ClassJob_ClassJobCategory>
    <ClassJob_ClassJobCategory>
      <ClassJob_Key>28</ClassJob_Key>
      <ClassJobCategory_Key>72</ClassJobCategory_Key>
    </ClassJob_ClassJobCategory>
    <ClassJob_ClassJobCategory>
      <ClassJob_Key>6</ClassJob_Key>
      <ClassJobCategory_Key>73</ClassJobCategory_Key>
    </ClassJob_ClassJobCategory>
    <ClassJob_ClassJobCategory>
      <ClassJob_Key>24</ClassJob_Key>
      <ClassJobCategory_Key>73</ClassJobCategory_Key>
    </ClassJob_ClassJobCategory>
    <ClassJob_ClassJobCategory>
      <ClassJob_Key>28</ClassJob_Key>
      <ClassJobCategory_Key>73</ClassJobCategory_Key>
    </ClassJob_ClassJobCategory>
    <ClassJob_ClassJobCategory>
      <ClassJob_Key>1</ClassJob_Key>
      <ClassJobCategory_Key>74</ClassJobCategory_Key>
    </ClassJob_ClassJobCategory>
    <ClassJob_ClassJobCategory>
      <ClassJob_Key>2</ClassJob_Key>
      <ClassJobCategory_Key>74</ClassJobCategory_Key>
    </ClassJob_ClassJobCategory>
    <ClassJob_ClassJobCategory>
      <ClassJob_Key>3</ClassJob_Key>
      <ClassJobCategory_Key>74</ClassJobCategory_Key>
    </ClassJob_ClassJobCategory>
    <ClassJob_ClassJobCategory>
      <ClassJob_Key>4</ClassJob_Key>
      <ClassJobCategory_Key>74</ClassJobCategory_Key>
    </ClassJob_ClassJobCategory>
    <ClassJob_ClassJobCategory>
      <ClassJob_Key>5</ClassJob_Key>
      <ClassJobCategory_Key>74</ClassJobCategory_Key>
    </ClassJob_ClassJobCategory>
    <ClassJob_ClassJobCategory>
      <ClassJob_Key>6</ClassJob_Key>
      <ClassJobCategory_Key>74</ClassJobCategory_Key>
    </ClassJob_ClassJobCategory>
    <ClassJob_ClassJobCategory>
      <ClassJob_Key>7</ClassJob_Key>
      <ClassJobCategory_Key>74</ClassJobCategory_Key>
    </ClassJob_ClassJobCategory>
    <ClassJob_ClassJobCategory>
      <ClassJob_Key>8</ClassJob_Key>
      <ClassJobCategory_Key>74</ClassJobCategory_Key>
    </ClassJob_ClassJobCategory>
    <ClassJob_ClassJobCategory>
      <ClassJob_Key>9</ClassJob_Key>
      <ClassJobCategory_Key>74</ClassJobCategory_Key>
    </ClassJob_ClassJobCategory>
    <ClassJob_ClassJobCategory>
      <ClassJob_Key>10</ClassJob_Key>
      <ClassJobCategory_Key>74</ClassJobCategory_Key>
    </ClassJob_ClassJobCategory>
    <ClassJob_ClassJobCategory>
      <ClassJob_Key>11</ClassJob_Key>
      <ClassJobCategory_Key>74</ClassJobCategory_Key>
    </ClassJob_ClassJobCategory>
    <ClassJob_ClassJobCategory>
      <ClassJob_Key>12</ClassJob_Key>
      <ClassJobCategory_Key>74</ClassJobCategory_Key>
    </ClassJob_ClassJobCategory>
    <ClassJob_ClassJobCategory>
      <ClassJob_Key>13</ClassJob_Key>
      <ClassJobCategory_Key>74</ClassJobCategory_Key>
    </ClassJob_ClassJobCategory>
    <ClassJob_ClassJobCategory>
      <ClassJob_Key>14</ClassJob_Key>
      <ClassJobCategory_Key>74</ClassJobCategory_Key>
    </ClassJob_ClassJobCategory>
    <ClassJob_ClassJobCategory>
      <ClassJob_Key>15</ClassJob_Key>
      <ClassJobCategory_Key>74</ClassJobCategory_Key>
    </ClassJob_ClassJobCategory>
    <ClassJob_ClassJobCategory>
      <ClassJob_Key>16</ClassJob_Key>
      <ClassJobCategory_Key>74</ClassJobCategory_Key>
    </ClassJob_ClassJobCategory>
    <ClassJob_ClassJobCategory>
      <ClassJob_Key>17</ClassJob_Key>
      <ClassJobCategory_Key>74</ClassJobCategory_Key>
    </ClassJob_ClassJobCategory>
    <ClassJob_ClassJobCategory>
      <ClassJob_Key>18</ClassJob_Key>
      <ClassJobCategory_Key>74</ClassJobCategory_Key>
    </ClassJob_ClassJobCategory>
    <ClassJob_ClassJobCategory>
      <ClassJob_Key>19</ClassJob_Key>
      <ClassJobCategory_Key>74</ClassJobCategory_Key>
    </ClassJob_ClassJobCategory>
    <ClassJob_ClassJobCategory>
      <ClassJob_Key>20</ClassJob_Key>
      <ClassJobCategory_Key>74</ClassJobCategory_Key>
    </ClassJob_ClassJobCategory>
    <ClassJob_ClassJobCategory>
      <ClassJob_Key>21</ClassJob_Key>
      <ClassJobCategory_Key>74</ClassJobCategory_Key>
    </ClassJob_ClassJobCategory>
    <ClassJob_ClassJobCategory>
      <ClassJob_Key>22</ClassJob_Key>
      <ClassJobCategory_Key>74</ClassJobCategory_Key>
    </ClassJob_ClassJobCategory>
    <ClassJob_ClassJobCategory>
      <ClassJob_Key>23</ClassJob_Key>
      <ClassJobCategory_Key>74</ClassJobCategory_Key>
    </ClassJob_ClassJobCategory>
    <ClassJob_ClassJobCategory>
      <ClassJob_Key>24</ClassJob_Key>
      <ClassJobCategory_Key>74</ClassJobCategory_Key>
    </ClassJob_ClassJobCategory>
    <ClassJob_ClassJobCategory>
      <ClassJob_Key>25</ClassJob_Key>
      <ClassJobCategory_Key>74</ClassJobCategory_Key>
    </ClassJob_ClassJobCategory>
    <ClassJob_ClassJobCategory>
      <ClassJob_Key>26</ClassJob_Key>
      <ClassJobCategory_Key>74</ClassJobCategory_Key>
    </ClassJob_ClassJobCategory>
    <ClassJob_ClassJobCategory>
      <ClassJob_Key>27</ClassJob_Key>
      <ClassJobCategory_Key>74</ClassJobCategory_Key>
    </ClassJob_ClassJobCategory>
    <ClassJob_ClassJobCategory>
      <ClassJob_Key>28</ClassJob_Key>
      <ClassJobCategory_Key>74</ClassJobCategory_Key>
    </ClassJob_ClassJobCategory>
    <ClassJob_ClassJobCategory>
      <ClassJob_Key>1</ClassJob_Key>
      <ClassJobCategory_Key>75</ClassJobCategory_Key>
    </ClassJob_ClassJobCategory>
    <ClassJob_ClassJobCategory>
      <ClassJob_Key>3</ClassJob_Key>
      <ClassJobCategory_Key>75</ClassJobCategory_Key>
    </ClassJob_ClassJobCategory>
    <ClassJob_ClassJobCategory>
      <ClassJob_Key>19</ClassJob_Key>
      <ClassJobCategory_Key>75</ClassJobCategory_Key>
    </ClassJob_ClassJobCategory>
    <ClassJob_ClassJobCategory>
      <ClassJob_Key>21</ClassJob_Key>
      <ClassJobCategory_Key>75</ClassJobCategory_Key>
    </ClassJob_ClassJobCategory>
    <ClassJob_ClassJobCategory>
      <ClassJob_Key>4</ClassJob_Key>
      <ClassJobCategory_Key>76</ClassJobCategory_Key>
    </ClassJob_ClassJobCategory>
    <ClassJob_ClassJobCategory>
      <ClassJob_Key>22</ClassJob_Key>
      <ClassJobCategory_Key>76</ClassJobCategory_Key>
    </ClassJob_ClassJobCategory>
    <ClassJob_ClassJobCategory>
      <ClassJob_Key>2</ClassJob_Key>
      <ClassJobCategory_Key>77</ClassJobCategory_Key>
    </ClassJob_ClassJobCategory>
    <ClassJob_ClassJobCategory>
      <ClassJob_Key>20</ClassJob_Key>
      <ClassJobCategory_Key>77</ClassJobCategory_Key>
    </ClassJob_ClassJobCategory>
    <ClassJob_ClassJobCategory>
      <ClassJob_Key>5</ClassJob_Key>
      <ClassJobCategory_Key>78</ClassJobCategory_Key>
    </ClassJob_ClassJobCategory>
    <ClassJob_ClassJobCategory>
      <ClassJob_Key>23</ClassJob_Key>
      <ClassJobCategory_Key>78</ClassJobCategory_Key>
    </ClassJob_ClassJobCategory>
    <ClassJob_ClassJobCategory>
      <ClassJob_Key>7</ClassJob_Key>
      <ClassJobCategory_Key>79</ClassJobCategory_Key>
    </ClassJob_ClassJobCategory>
    <ClassJob_ClassJobCategory>
      <ClassJob_Key>25</ClassJob_Key>
      <ClassJobCategory_Key>79</ClassJobCategory_Key>
    </ClassJob_ClassJobCategory>
    <ClassJob_ClassJobCategory>
      <ClassJob_Key>26</ClassJob_Key>
      <ClassJobCategory_Key>79</ClassJobCategory_Key>
    </ClassJob_ClassJobCategory>
    <ClassJob_ClassJobCategory>
      <ClassJob_Key>27</ClassJob_Key>
      <ClassJobCategory_Key>79</ClassJobCategory_Key>
    </ClassJob_ClassJobCategory>
    <ClassJob_ClassJobCategory>
      <ClassJob_Key>6</ClassJob_Key>
      <ClassJobCategory_Key>80</ClassJobCategory_Key>
    </ClassJob_ClassJobCategory>
    <ClassJob_ClassJobCategory>
      <ClassJob_Key>24</ClassJob_Key>
      <ClassJobCategory_Key>80</ClassJobCategory_Key>
    </ClassJob_ClassJobCategory>
    <ClassJob_ClassJobCategory>
      <ClassJob_Key>28</ClassJob_Key>
      <ClassJobCategory_Key>80</ClassJobCategory_Key>
    </ClassJob_ClassJobCategory>
    <ClassJob_ClassJobCategory>
      <ClassJob_Key>2</ClassJob_Key>
      <ClassJobCategory_Key>81</ClassJobCategory_Key>
    </ClassJob_ClassJobCategory>
    <ClassJob_ClassJobCategory>
      <ClassJob_Key>4</ClassJob_Key>
      <ClassJobCategory_Key>81</ClassJobCategory_Key>
    </ClassJob_ClassJobCategory>
    <ClassJob_ClassJobCategory>
      <ClassJob_Key>5</ClassJob_Key>
      <ClassJobCategory_Key>81</ClassJobCategory_Key>
    </ClassJob_ClassJobCategory>
    <ClassJob_ClassJobCategory>
      <ClassJob_Key>20</ClassJob_Key>
      <ClassJobCategory_Key>81</ClassJobCategory_Key>
    </ClassJob_ClassJobCategory>
    <ClassJob_ClassJobCategory>
      <ClassJob_Key>22</ClassJob_Key>
      <ClassJobCategory_Key>81</ClassJobCategory_Key>
    </ClassJob_ClassJobCategory>
    <ClassJob_ClassJobCategory>
      <ClassJob_Key>23</ClassJob_Key>
      <ClassJobCategory_Key>81</ClassJobCategory_Key>
    </ClassJob_ClassJobCategory>
    <ClassJob_ClassJobCategory>
      <ClassJob_Key>6</ClassJob_Key>
      <ClassJobCategory_Key>82</ClassJobCategory_Key>
    </ClassJob_ClassJobCategory>
    <ClassJob_ClassJobCategory>
      <ClassJob_Key>7</ClassJob_Key>
      <ClassJobCategory_Key>82</ClassJobCategory_Key>
    </ClassJob_ClassJobCategory>
    <ClassJob_ClassJobCategory>
      <ClassJob_Key>24</ClassJob_Key>
      <ClassJobCategory_Key>82</ClassJobCategory_Key>
    </ClassJob_ClassJobCategory>
    <ClassJob_ClassJobCategory>
      <ClassJob_Key>25</ClassJob_Key>
      <ClassJobCategory_Key>82</ClassJobCategory_Key>
    </ClassJob_ClassJobCategory>
    <ClassJob_ClassJobCategory>
      <ClassJob_Key>26</ClassJob_Key>
      <ClassJobCategory_Key>82</ClassJobCategory_Key>
    </ClassJob_ClassJobCategory>
    <ClassJob_ClassJobCategory>
      <ClassJob_Key>27</ClassJob_Key>
      <ClassJobCategory_Key>82</ClassJobCategory_Key>
    </ClassJob_ClassJobCategory>
    <ClassJob_ClassJobCategory>
      <ClassJob_Key>28</ClassJob_Key>
      <ClassJobCategory_Key>82</ClassJobCategory_Key>
    </ClassJob_ClassJobCategory>
    <ClassJob_ClassJobCategory>
      <ClassJob_Key>8</ClassJob_Key>
      <ClassJobCategory_Key>83</ClassJobCategory_Key>
    </ClassJob_ClassJobCategory>
    <ClassJob_ClassJobCategory>
      <ClassJob_Key>9</ClassJob_Key>
      <ClassJobCategory_Key>83</ClassJobCategory_Key>
    </ClassJob_ClassJobCategory>
    <ClassJob_ClassJobCategory>
      <ClassJob_Key>10</ClassJob_Key>
      <ClassJobCategory_Key>83</ClassJobCategory_Key>
    </ClassJob_ClassJobCategory>
    <ClassJob_ClassJobCategory>
      <ClassJob_Key>11</ClassJob_Key>
      <ClassJobCategory_Key>83</ClassJobCategory_Key>
    </ClassJob_ClassJobCategory>
    <ClassJob_ClassJobCategory>
      <ClassJob_Key>12</ClassJob_Key>
      <ClassJobCategory_Key>83</ClassJobCategory_Key>
    </ClassJob_ClassJobCategory>
    <ClassJob_ClassJobCategory>
      <ClassJob_Key>13</ClassJob_Key>
      <ClassJobCategory_Key>83</ClassJobCategory_Key>
    </ClassJob_ClassJobCategory>
    <ClassJob_ClassJobCategory>
      <ClassJob_Key>14</ClassJob_Key>
      <ClassJobCategory_Key>83</ClassJobCategory_Key>
    </ClassJob_ClassJobCategory>
    <ClassJob_ClassJobCategory>
      <ClassJob_Key>15</ClassJob_Key>
      <ClassJobCategory_Key>83</ClassJobCategory_Key>
    </ClassJob_ClassJobCategory>
    <ClassJob_ClassJobCategory>
      <ClassJob_Key>16</ClassJob_Key>
      <ClassJobCategory_Key>83</ClassJobCategory_Key>
    </ClassJob_ClassJobCategory>
    <ClassJob_ClassJobCategory>
      <ClassJob_Key>17</ClassJob_Key>
      <ClassJobCategory_Key>83</ClassJobCategory_Key>
    </ClassJob_ClassJobCategory>
    <ClassJob_ClassJobCategory>
      <ClassJob_Key>18</ClassJob_Key>
      <ClassJobCategory_Key>83</ClassJobCategory_Key>
    </ClassJob_ClassJobCategory>
    <ClassJob_ClassJobCategory>
      <ClassJob_Key>2</ClassJob_Key>
      <ClassJobCategory_Key>84</ClassJobCategory_Key>
    </ClassJob_ClassJobCategory>
    <ClassJob_ClassJobCategory>
      <ClassJob_Key>4</ClassJob_Key>
      <ClassJobCategory_Key>84</ClassJobCategory_Key>
    </ClassJob_ClassJobCategory>
    <ClassJob_ClassJobCategory>
      <ClassJob_Key>20</ClassJob_Key>
      <ClassJobCategory_Key>84</ClassJobCategory_Key>
    </ClassJob_ClassJobCategory>
    <ClassJob_ClassJobCategory>
      <ClassJob_Key>22</ClassJob_Key>
      <ClassJobCategory_Key>84</ClassJobCategory_Key>
    </ClassJob_ClassJobCategory>
  </ClassJob_ClassJobCategory></ArrayOfClassJob_ClassJobCategory>