<?xml version="1.0" encoding="utf-16"?><ArrayOfEmote xmlns:xsi="http://www.w3.org/2001/XMLSchema-instance" xmlns:xsd="http://www.w3.org/2001/XMLSchema">
    <Emote>
      <Key>1</Key>
      <Icon>64001</Icon>
      <Name_ja>おどろく</Name_ja>
      <Name_en>Surprised</Name_en>
      <Name_fr>Surprise</Name_fr>
      <Name_de>Überrascht</Name_de>
    </Emote>
    <Emote>
      <Key>2</Key>
      <Icon>64002</Icon>
      <Name_ja>不満を表す</Name_ja>
      <Name_en>Angry</Name_en>
      <Name_fr>Se fâcher</Name_fr>
      <Name_de>Verärgert</Name_de>
    </Emote>
    <Emote>
      <Key>3</Key>
      <Icon>64003</Icon>
      <Name_ja>怒る</Name_ja>
      <Name_en>Furious</Name_en>
      <Name_fr>Furieux</Name_fr>
      <Name_de>Zornig</Name_de>
    </Emote>
    <Emote>
      <Key>4</Key>
      <Icon>64004</Icon>
      <Name_ja>照れる</Name_ja>
      <Name_en>Blush</Name_en>
      <Name_fr>Rougir</Name_fr>
      <Name_de>Erröten</Name_de>
    </Emote>
    <Emote>
      <Key>5</Key>
      <Icon>64005</Icon>
      <Name_ja>お辞儀する</Name_ja>
      <Name_en>Bow</Name_en>
      <Name_fr>S'incliner</Name_fr>
      <Name_de>Verbeugen</Name_de>
    </Emote>
    <Emote>
      <Key>6</Key>
      <Icon>64006</Icon>
      <Name_ja>応援する</Name_ja>
      <Name_en>Cheer</Name_en>
      <Name_fr>Encourager</Name_fr>
      <Name_de>Anfeuern</Name_de>
    </Emote>
    <Emote>
      <Key>7</Key>
      <Icon>64007</Icon>
      <Name_ja>拍手する</Name_ja>
      <Name_en>Clap</Name_en>
      <Name_fr>Applaudir</Name_fr>
      <Name_de>Klatschen</Name_de>
    </Emote>
    <Emote>
      <Key>8</Key>
      <Icon>64008</Icon>
      <Name_ja>手まねきする</Name_ja>
      <Name_en>Beckon</Name_en>
      <Name_fr>Inviter</Name_fr>
      <Name_de>Herbeiwinken</Name_de>
    </Emote>
    <Emote>
      <Key>9</Key>
      <Icon>64009</Icon>
      <Name_ja>なぐさめる</Name_ja>
      <Name_en>Comfort</Name_en>
      <Name_fr>Consoler</Name_fr>
      <Name_de>Trösten</Name_de>
    </Emote>
    <Emote>
      <Key>10</Key>
      <Icon>64010</Icon>
      <Name_ja>泣く</Name_ja>
      <Name_en>Cry</Name_en>
      <Name_fr>Pleurer</Name_fr>
      <Name_de>Weinen</Name_de>
    </Emote>
    <Emote>
      <Key>11</Key>
      <Icon>64011</Icon>
      <Name_ja>踊る</Name_ja>
      <Name_en>Dance</Name_en>
      <Name_fr>Danser</Name_fr>
      <Name_de>Tanzen</Name_de>
    </Emote>
    <Emote>
      <Key>12</Key>
      <Icon>64012</Icon>
      <Name_ja>問い詰める</Name_ja>
      <Name_en>Doubt</Name_en>
      <Name_fr>Douter</Name_fr>
      <Name_de>Beschuldigen</Name_de>
    </Emote>
    <Emote>
      <Key>13</Key>
      <Icon>64013</Icon>
      <Name_ja>居眠りする</Name_ja>
      <Name_en>Doze</Name_en>
      <Name_fr>Somnoler</Name_fr>
      <Name_de>Müde</Name_de>
    </Emote>
    <Emote>
      <Key>14</Key>
      <Icon>64014</Icon>
      <Name_ja>悔しがる</Name_ja>
      <Name_en>Fume</Name_en>
      <Name_fr>Dépit</Name_fr>
      <Name_de>Frustriert</Name_de>
    </Emote>
    <Emote>
      <Key>15</Key>
      <Icon>64015</Icon>
      <Name_ja>さようなら</Name_ja>
      <Name_en>Goodbye</Name_en>
      <Name_fr>Au revoir</Name_fr>
      <Name_de>Tschüs</Name_de>
    </Emote>
    <Emote>
      <Key>16</Key>
      <Icon>64016</Icon>
      <Name_ja>手を振る</Name_ja>
      <Name_en>Wave</Name_en>
      <Name_fr>Signe de la main</Name_fr>
      <Name_de>Winken</Name_de>
    </Emote>
    <Emote>
      <Key>17</Key>
      <Icon>64017</Icon>
      <Name_ja>呆れる</Name_ja>
      <Name_en>Huh</Name_en>
      <Name_fr>Écœurement</Name_fr>
      <Name_de>Tja</Name_de>
    </Emote>
    <Emote>
      <Key>18</Key>
      <Icon>64018</Icon>
      <Name_ja>喜ぶ</Name_ja>
      <Name_en>Joy</Name_en>
      <Name_fr>Se réjouir</Name_fr>
      <Name_de>Freuen</Name_de>
    </Emote>
    <Emote>
      <Key>19</Key>
      <Icon>64019</Icon>
      <Name_ja>ひざまずく</Name_ja>
      <Name_en>Kneel</Name_en>
      <Name_fr>S'agenouiller</Name_fr>
      <Name_de>Knien</Name_de>
    </Emote>
    <Emote>
      <Key>20</Key>
      <Icon>64020</Icon>
      <Name_ja>笑う</Name_ja>
      <Name_en>Chuckle</Name_en>
      <Name_fr>Rire</Name_fr>
      <Name_de>Lachen</Name_de>
    </Emote>
    <Emote>
      <Key>21</Key>
      <Icon>64021</Icon>
      <Name_ja>大笑いする</Name_ja>
      <Name_en>Laugh</Name_en>
      <Name_fr>S'esclaffer</Name_fr>
      <Name_de>Totlachen</Name_de>
    </Emote>
    <Emote>
      <Key>22</Key>
      <Icon>64022</Icon>
      <Name_ja>見わたす</Name_ja>
      <Name_en>Lookout</Name_en>
      <Name_fr>Scruter</Name_fr>
      <Name_de>Spähen</Name_de>
    </Emote>
    <Emote>
      <Key>23</Key>
      <Icon>64023</Icon>
      <Name_ja>アピール</Name_ja>
      <Name_en>Me</Name_en>
      <Name_fr>Moi</Name_fr>
      <Name_de>Ich</Name_de>
    </Emote>
    <Emote>
      <Key>24</Key>
      <Icon>64024</Icon>
      <Name_ja>首を横に振る</Name_ja>
      <Name_en>No</Name_en>
      <Name_fr>Non</Name_fr>
      <Name_de>Nein</Name_de>
    </Emote>
    <Emote>
      <Key>25</Key>
      <Icon>64025</Icon>
      <Name_ja>否定する</Name_ja>
      <Name_en>Deny</Name_en>
      <Name_fr>Refuser</Name_fr>
      <Name_de>Niemals</Name_de>
    </Emote>
    <Emote>
      <Key>26</Key>
      <Icon>64026</Icon>
      <Name_ja>慌てる</Name_ja>
      <Name_en>Panic</Name_en>
      <Name_fr>Paniquer</Name_fr>
      <Name_de>Panik</Name_de>
    </Emote>
    <Emote>
      <Key>27</Key>
      <Icon>64027</Icon>
      <Name_ja>指さす</Name_ja>
      <Name_en>Point</Name_en>
      <Name_fr>Montrer</Name_fr>
      <Name_de>Zeigen</Name_de>
    </Emote>
    <Emote>
      <Key>28</Key>
      <Icon>64028</Icon>
      <Name_ja>つつく</Name_ja>
      <Name_en>Poke</Name_en>
      <Name_fr>Toucher</Name_fr>
      <Name_de>Anstupsen</Name_de>
    </Emote>
    <Emote>
      <Key>29</Key>
      <Icon>64029</Icon>
      <Name_ja>称賛する</Name_ja>
      <Name_en>Congratulate</Name_en>
      <Name_fr>Féliciter</Name_fr>
      <Name_de>Super</Name_de>
    </Emote>
    <Emote>
      <Key>30</Key>
      <Icon>64030</Icon>
      <Name_ja>活を入れる</Name_ja>
      <Name_en>Psych</Name_en>
      <Name_fr>Se motiver</Name_fr>
      <Name_de>Auf geht's</Name_de>
    </Emote>
    <Emote>
      <Key>31</Key>
      <Icon>64031</Icon>
      <Name_ja>敬礼する</Name_ja>
      <Name_en>Salute</Name_en>
      <Name_fr>Saluer</Name_fr>
      <Name_de>Salutieren</Name_de>
    </Emote>
    <Emote>
      <Key>32</Key>
      <Icon>64032</Icon>
      <Name_ja>動転する</Name_ja>
      <Name_en>Shocked</Name_en>
      <Name_fr>Choc</Name_fr>
      <Name_de>Schockiert</Name_de>
    </Emote>
    <Emote>
      <Key>33</Key>
      <Icon>64033</Icon>
      <Name_ja>肩をすくめる</Name_ja>
      <Name_en>Shrug</Name_en>
      <Name_fr>Hausser les épaules</Name_fr>
      <Name_de>Schultern zucken</Name_de>
    </Emote>
    <Emote>
      <Key>34</Key>
      <Icon>64034</Icon>
      <Name_ja>励ます</Name_ja>
      <Name_en>Rally</Name_en>
      <Name_fr>Stimuler</Name_fr>
      <Name_de>Aufmuntern</Name_de>
    </Emote>
    <Emote>
      <Key>35</Key>
      <Icon>64035</Icon>
      <Name_ja>なだめる</Name_ja>
      <Name_en>Soothe</Name_en>
      <Name_fr>Apaiser</Name_fr>
      <Name_de>Beruhigen</Name_de>
    </Emote>
    <Emote>
      <Key>36</Key>
      <Icon>64036</Icon>
      <Name_ja>よろめく</Name_ja>
      <Name_en>Stagger</Name_en>
      <Name_fr>Tituber</Name_fr>
      <Name_de>Taumeln</Name_de>
    </Emote>
    <Emote>
      <Key>37</Key>
      <Icon>64037</Icon>
      <Name_ja>伸びをする</Name_ja>
      <Name_en>Stretch</Name_en>
      <Name_fr>S'étirer</Name_fr>
      <Name_de>Sich strecken</Name_de>
    </Emote>
    <Emote>
      <Key>38</Key>
      <Icon>64038</Icon>
      <Name_ja>すねる</Name_ja>
      <Name_en>Sulk</Name_en>
      <Name_fr>Bouder</Name_fr>
      <Name_de>Schmollen</Name_de>
    </Emote>
    <Emote>
      <Key>39</Key>
      <Icon>64039</Icon>
      <Name_ja>考える</Name_ja>
      <Name_en>Think</Name_en>
      <Name_fr>Penser</Name_fr>
      <Name_de>Denken</Name_de>
    </Emote>
    <Emote>
      <Key>40</Key>
      <Icon>64040</Icon>
      <Name_ja>がっかりする</Name_ja>
      <Name_en>Upset</Name_en>
      <Name_fr>Déception</Name_fr>
      <Name_de>Na toll</Name_de>
    </Emote>
    <Emote>
      <Key>41</Key>
      <Icon>64041</Icon>
      <Name_ja>歓迎する</Name_ja>
      <Name_en>Welcome</Name_en>
      <Name_fr>Accueillir</Name_fr>
      <Name_de>Willkommen</Name_de>
    </Emote>
    <Emote>
      <Key>42</Key>
      <Icon>64042</Icon>
      <Name_ja>うなずく</Name_ja>
      <Name_en>Yes</Name_en>
      <Name_fr>Oui</Name_fr>
      <Name_de>Ja</Name_de>
    </Emote>
    <Emote>
      <Key>43</Key>
      <Icon>64043</Icon>
      <Name_ja>肯定する</Name_ja>
      <Name_en>Thumbs Up</Name_en>
      <Name_fr>Accord</Name_fr>
      <Name_de>Jawohl</Name_de>
    </Emote>
    <Emote>
      <Key>44</Key>
      <Icon>64044</Icon>
      <Name_ja>自分を見る</Name_ja>
      <Name_en>Examine Self</Name_en>
      <Name_fr>Se regarder</Name_fr>
      <Name_de>Sich betrachten</Name_de>
    </Emote>
    <Emote>
      <Key>45</Key>
      <Icon>64045</Icon>
      <Name_ja>ポーズをとる</Name_ja>
      <Name_en>Pose</Name_en>
      <Name_fr>Poser</Name_fr>
      <Name_de>Posieren</Name_de>
    </Emote>
    <Emote>
      <Key>46</Key>
      <Icon>64049</Icon>
      <Name_ja>投げキッス</Name_ja>
      <Name_en>Blow Kiss</Name_en>
      <Name_fr>Envoyer un baiser</Name_fr>
      <Name_de>Kusshand</Name_de>
    </Emote>
    <Emote>
      <Key>47</Key>
      <Icon>64051</Icon>
      <Name_ja>土下座</Name_ja>
      <Name_en>Grovel</Name_en>
      <Name_fr>Se prosterner</Name_fr>
      <Name_de>Demütig</Name_de>
    </Emote>
    <Emote>
      <Key>48</Key>
      <Icon>64052</Icon>
      <Name_ja>すごく喜ぶ</Name_ja>
      <Name_en>Happy</Name_en>
      <Name_fr>Jubiler</Name_fr>
      <Name_de>Freudentaumel</Name_de>
    </Emote>
    <Emote>
      <Key>49</Key>
      <Icon>64053</Icon>
      <Name_ja>すごくがっかりする</Name_ja>
      <Name_en>Disappointed</Name_en>
      <Name_fr>Désespérer</Name_fr>
      <Name_de>Vernichtet</Name_de>
    </Emote>
    <Emote>
      <Key>50</Key>
      <Icon>64054</Icon>
      <Name_ja>座る</Name_ja>
      <Name_en>Sit</Name_en>
      <Name_fr>S'asseoir</Name_fr>
      <Name_de>Sitzen</Name_de>
    </Emote>
    <Emote>
      <Key>51</Key>
      <Icon>64054</Icon>
      <Name_ja>立ち上がる</Name_ja>
      <Name_en>Stand Up</Name_en>
      <Name_fr>Se lever</Name_fr>
      <Name_de>Aufstehen</Name_de>
    </Emote>
    <Emote>
      <Key>52</Key>
      <Icon>64054</Icon>
      <Name_ja>座る</Name_ja>
      <Name_en>Sit</Name_en>
      <Name_fr>S'asseoir</Name_fr>
      <Name_de>Sitzen</Name_de>
    </Emote>
    <Emote>
      <Key>53</Key>
      <Icon>64054</Icon>
      <Name_ja>立ち上がる</Name_ja>
      <Name_en>Stand Up</Name_en>
      <Name_fr>Se lever</Name_fr>
      <Name_de>Aufstehen</Name_de>
    </Emote>
    <Emote>
      <Key>54</Key>
      <Icon>64063</Icon>
      <Name_ja>引用</Name_ja>
      <Name_en>Air Quotes</Name_en>
      <Name_fr>Guillemets</Name_fr>
      <Name_de>Ironisch</Name_de>
    </Emote>
    <Emote>
      <Key>55</Key>
      <Icon>64046</Icon>
      <Name_ja>黒渦団・敬礼</Name_ja>
      <Name_en>Storm Salute</Name_en>
      <Name_fr>Salut du Maelstrom</Name_fr>
      <Name_de>Mahlstrom-Salut</Name_de>
    </Emote>
    <Emote>
      <Key>56</Key>
      <Icon>64047</Icon>
      <Name_ja>双蛇党・敬礼</Name_ja>
      <Name_en>Serpent Salute</Name_en>
      <Name_fr>Salut de l'Ordre</Name_fr>
      <Name_de>Bruderschafts-Salut</Name_de>
    </Emote>
    <Emote>
      <Key>57</Key>
      <Icon>64048</Icon>
      <Name_ja>不滅隊・敬礼</Name_ja>
      <Name_en>Flame Salute</Name_en>
      <Name_fr>Salut des Immortels</Name_fr>
      <Name_de>Legions-Salut</Name_de>
    </Emote>
    <Emote>
      <Key>58</Key>
      <Icon>64064</Icon>
      <Name_ja>祈る</Name_ja>
      <Name_en>Pray</Name_en>
      <Name_fr>Prier</Name_fr>
      <Name_de>Beten</Name_de>
    </Emote>
    <Emote>
      <Key>59</Key>
      <Icon>64066</Icon>
      <Name_ja>帝国式敬礼</Name_ja>
      <Name_en>Imperial Salute</Name_en>
      <Name_fr>Salut impérial</Name_fr>
      <Name_de>Garleischer Salut</Name_de>
    </Emote>
    <Emote>
      <Key>60</Key>
      <Icon>64065</Icon>
      <Name_ja>頭装備の開閉</Name_ja>
      <Name_en>Visor</Name_en>
      <Name_fr>Visière</Name_fr>
      <Name_de>Visier</Name_de>
    </Emote>
    <Emote>
      <Key>61</Key>
      <Icon>64065</Icon>
      <Name_ja>頭装備の開閉</Name_ja>
      <Name_en>Visor</Name_en>
      <Name_fr>Visière</Name_fr>
      <Name_de>Visier</Name_de>
    </Emote>
    <Emote>
      <Key>68</Key>
      <Icon>64101</Icon>
      <Name_ja>表情：素顔</Name_ja>
      <Name_en>Straight Face</Name_en>
      <Name_fr>Visage normal</Name_fr>
      <Name_de>Neutrale Miene</Name_de>
    </Emote>
    <Emote>
      <Key>69</Key>
      <Icon>64102</Icon>
      <Name_ja>表情：微笑</Name_ja>
      <Name_en>Smile</Name_en>
      <Name_fr>Visage souriant</Name_fr>
      <Name_de>Lächelnd</Name_de>
    </Emote>
    <Emote>
      <Key>70</Key>
      <Icon>64103</Icon>
      <Name_ja>表情：笑顔</Name_ja>
      <Name_en>Grin</Name_en>
      <Name_fr>Visage radieux</Name_fr>
      <Name_de>Grinsend</Name_de>
    </Emote>
    <Emote>
      <Key>71</Key>
      <Icon>64104</Icon>
      <Name_ja>表情：自信</Name_ja>
      <Name_en>Smirk</Name_en>
      <Name_fr>Visage confiant</Name_fr>
      <Name_de>Zuversichtlich</Name_de>
    </Emote>
    <Emote>
      <Key>72</Key>
      <Icon>64105</Icon>
      <Name_ja>表情：不敵</Name_ja>
      <Name_en>Taunt</Name_en>
      <Name_fr>Visage arrogant</Name_fr>
      <Name_de>Siegessicher</Name_de>
    </Emote>
    <Emote>
      <Key>73</Key>
      <Icon>64106</Icon>
      <Name_ja>表情：瞑目</Name_ja>
      <Name_en>Shut Eyes</Name_en>
      <Name_fr>Visage endormi</Name_fr>
      <Name_de>Augen zu</Name_de>
    </Emote>
    <Emote>
      <Key>74</Key>
      <Icon>64107</Icon>
      <Name_ja>表情：泣き顔</Name_ja>
      <Name_en>Sad</Name_en>
      <Name_fr>Visage larmoyant</Name_fr>
      <Name_de>Traurig</Name_de>
    </Emote>
    <Emote>
      <Key>75</Key>
      <Icon>64108</Icon>
      <Name_ja>表情：恐怖</Name_ja>
      <Name_en>Scared</Name_en>
      <Name_fr>Visage craintif</Name_fr>
      <Name_de>Ängstlich</Name_de>
    </Emote>
    <Emote>
      <Key>76</Key>
      <Icon>64109</Icon>
      <Name_ja>表情：呆然</Name_ja>
      <Name_en>Amazed</Name_en>
      <Name_fr>Visage stupéfait</Name_fr>
      <Name_de>Sprachlos</Name_de>
    </Emote>
    <Emote>
      <Key>77</Key>
      <Icon>64110</Icon>
      <Name_ja>表情：激痛</Name_ja>
      <Name_en>Ouch</Name_en>
      <Name_fr>Visage souffrant</Name_fr>
      <Name_de>Schmerzerfüllt</Name_de>
    </Emote>
    <Emote>
      <Key>78</Key>
      <Icon>64111</Icon>
      <Name_ja>表情：不機嫌</Name_ja>
      <Name_en>Annoyed</Name_en>
      <Name_fr>Visage maussade</Name_fr>
      <Name_de>Genervt</Name_de>
    </Emote>
    <Emote>
      <Key>79</Key>
      <Icon>64112</Icon>
      <Name_ja>表情：感知</Name_ja>
      <Name_en>Alert</Name_en>
      <Name_fr>Visage interloqué</Name_fr>
      <Name_de>Alarmiert</Name_de>
    </Emote>
    <Emote>
      <Key>80</Key>
      <Icon>64113</Icon>
      <Name_ja>表情：心配</Name_ja>
      <Name_en>Worried</Name_en>
      <Name_fr>Visage inquiet</Name_fr>
      <Name_de>Besorgt</Name_de>
    </Emote>
  </Emote></ArrayOfEmote>