<?xml version="1.0" encoding="utf-16"?><ArrayOfFCReputation xmlns:xsi="http://www.w3.org/2001/XMLSchema-instance" xmlns:xsd="http://www.w3.org/2001/XMLSchema">
    <FCReputation>
      <Key>1</Key>
      <Color>4294031195</Color>
      <CurrentPoint>0</CurrentPoint>
      <NextPoint>6138</NextPoint>
      <Text_ja>中立</Text_ja>
      <Text_en>Neutral</Text_en>
      <Text_fr>Neutre</Text_fr>
      <Text_de>Neutral</Text_de>
      <data>System.Byte[]</data>
    </FCReputation>
    <FCReputation>
      <Key>2</Key>
      <Color>4294767210</Color>
      <CurrentPoint>6138</CurrentPoint>
      <NextPoint>24553</NextPoint>
      <Text_ja>認定</Text_ja>
      <Text_en>Recognized</Text_en>
      <Text_fr>Reconnu</Text_fr>
      <Text_de>Anerkannt</Text_de>
      <data>System.Byte[]</data>
    </FCReputation>
    <FCReputation>
      <Key>3</Key>
      <Color>4291624755</Color>
      <CurrentPoint>24553</CurrentPoint>
      <NextPoint>55244</NextPoint>
      <Text_ja>友好</Text_ja>
      <Text_en>Friendly</Text_en>
      <Text_fr>Ami</Text_fr>
      <Text_de>Freundlich</Text_de>
      <data>System.Byte[]</data>
    </FCReputation>
    <FCReputation>
      <Key>4</Key>
      <Color>4286500689</Color>
      <CurrentPoint>55244</CurrentPoint>
      <NextPoint>98211</NextPoint>
      <Text_ja>信頼</Text_ja>
      <Text_en>Trusted</Text_en>
      <Text_fr>Fiable</Text_fr>
      <Text_de>Vertraut</Text_de>
      <data>System.Byte[]</data>
    </FCReputation>
    <FCReputation>
      <Key>5</Key>
      <Color>4278235216</Color>
      <CurrentPoint>98211</CurrentPoint>
      <NextPoint>153455</NextPoint>
      <Text_ja>敬意</Text_ja>
      <Text_en>Respected</Text_en>
      <Text_fr>Respecté</Text_fr>
      <Text_de>Respektiert</Text_de>
      <data>System.Byte[]</data>
    </FCReputation>
    <FCReputation>
      <Key>6</Key>
      <Color>4278229401</Color>
      <CurrentPoint>153455</CurrentPoint>
      <NextPoint>220974</NextPoint>
      <Text_ja>名誉</Text_ja>
      <Text_en>Honored</Text_en>
      <Text_fr>Émérite</Text_fr>
      <Text_de>Hochgeachtet</Text_de>
      <data>System.Byte[]</data>
    </FCReputation>
    <FCReputation>
      <Key>7</Key>
      <Color>4280321504</Color>
      <CurrentPoint>220974</CurrentPoint>
      <NextPoint>300771</NextPoint>
      <Text_ja>誓約</Text_ja>
      <Text_en>Sworn</Text_en>
      <Text_fr>Assermenté</Text_fr>
      <Text_de>Solidarisch</Text_de>
      <data>System.Byte[]</data>
    </FCReputation>
    <FCReputation>
      <Key>8</Key>
      <Color>4285617137</Color>
      <CurrentPoint>300771</CurrentPoint>
      <NextPoint>999999999</NextPoint>
      <Text_ja>盟友</Text_ja>
      <Text_en>Allied</Text_en>
      <Text_fr>Allié</Text_fr>
      <Text_de>Verbündet</Text_de>
      <data>System.Byte[]</data>
    </FCReputation>
  </FCReputation></ArrayOfFCReputation>