<?xml version="1.0" encoding="utf-16"?><ArrayOfGCRankLimsaFemaleText xmlns:xsi="http://www.w3.org/2001/XMLSchema-instance" xmlns:xsd="http://www.w3.org/2001/XMLSchema">
    <GCRankLimsaFemaleText>
      <Key>1</Key>
      <SGL_ja>二等甲兵</SGL_ja>
      <SGL_en>Storm Private Third Class</SGL_en>
      <SGL_fr>soldat 3e classe</SGL_fr>
      <SGL_de>Sturmmariner 3. Klasse</SGL_de>
    </GCRankLimsaFemaleText>
    <GCRankLimsaFemaleText>
      <Key>2</Key>
      <SGL_ja>一等甲兵</SGL_ja>
      <SGL_en>Storm Private Second Class</SGL_en>
      <SGL_fr>soldat 2e classe</SGL_fr>
      <SGL_de>Sturmmariner 2. Klasse</SGL_de>
    </GCRankLimsaFemaleText>
    <GCRankLimsaFemaleText>
      <Key>3</Key>
      <SGL_ja>上等甲兵</SGL_ja>
      <SGL_en>Storm Private First Class</SGL_en>
      <SGL_fr>soldat 1re classe</SGL_fr>
      <SGL_de>Sturmmariner 1. Klasse</SGL_de>
    </GCRankLimsaFemaleText>
    <GCRankLimsaFemaleText>
      <Key>4</Key>
      <SGL_ja>甲兵長</SGL_ja>
      <SGL_en>Storm Corporal</SGL_en>
      <SGL_fr>caporale</SGL_fr>
      <SGL_de>Großsturmmariner</SGL_de>
    </GCRankLimsaFemaleText>
    <GCRankLimsaFemaleText>
      <Key>5</Key>
      <SGL_ja>甲伍長</SGL_ja>
      <SGL_en>Storm Sergeant Third Class</SGL_en>
      <SGL_fr>adjudante</SGL_fr>
      <SGL_de>Sturmmaat 3. Klasse</SGL_de>
    </GCRankLimsaFemaleText>
    <GCRankLimsaFemaleText>
      <Key>6</Key>
      <SGL_ja>甲軍曹</SGL_ja>
      <SGL_en>Storm Sergeant Second Class</SGL_en>
      <SGL_fr>sergente</SGL_fr>
      <SGL_de>Sturmmaat 2. Klasse</SGL_de>
    </GCRankLimsaFemaleText>
    <GCRankLimsaFemaleText>
      <Key>7</Key>
      <SGL_ja>甲曹長</SGL_ja>
      <SGL_en>Storm Sergeant First Class</SGL_en>
      <SGL_fr>sergent-major</SGL_fr>
      <SGL_de>Sturmmaat 1. Klasse</SGL_de>
    </GCRankLimsaFemaleText>
    <GCRankLimsaFemaleText>
      <Key>8</Key>
      <SGL_ja>准甲士</SGL_ja>
      <SGL_en>Chief Storm Sergeant</SGL_en>
      <SGL_fr>major</SGL_fr>
      <SGL_de>Großsturmmaat</SGL_de>
    </GCRankLimsaFemaleText>
    <GCRankLimsaFemaleText>
      <Key>9</Key>
      <SGL_ja>少甲士</SGL_ja>
      <SGL_en>Second Storm Lieutenant</SGL_en>
      <SGL_fr>sous-lieutenante</SGL_fr>
      <SGL_de>Zweiter Sturmbootsmann</SGL_de>
    </GCRankLimsaFemaleText>
    <GCRankLimsaFemaleText>
      <Key>10</Key>
      <SGL_ja>中甲士</SGL_ja>
      <SGL_en>First Storm Lieutenant</SGL_en>
      <SGL_fr>lieutenante</SGL_fr>
      <SGL_de>Erster Sturmbootsmann</SGL_de>
    </GCRankLimsaFemaleText>
    <GCRankLimsaFemaleText>
      <Key>11</Key>
      <SGL_ja>大甲士</SGL_ja>
      <SGL_en>Storm Captain</SGL_en>
      <SGL_fr>capitaine</SGL_fr>
      <SGL_de>Großsturmbootsmann</SGL_de>
    </GCRankLimsaFemaleText>
    <GCRankLimsaFemaleText>
      <Key>12</Key>
      <SGL_ja>少甲佐</SGL_ja>
      <SGL_en>Second Storm Commander</SGL_en>
      <SGL_fr>sous-commandante</SGL_fr>
      <SGL_de>Zweiter Sturmkapitänleutnant</SGL_de>
    </GCRankLimsaFemaleText>
    <GCRankLimsaFemaleText>
      <Key>13</Key>
      <SGL_ja>中甲佐</SGL_ja>
      <SGL_en>First Storm Commander</SGL_en>
      <SGL_fr>commandante</SGL_fr>
      <SGL_de>Erster Sturmkapitänleutnant</SGL_de>
    </GCRankLimsaFemaleText>
    <GCRankLimsaFemaleText>
      <Key>14</Key>
      <SGL_ja>大甲佐</SGL_ja>
      <SGL_en>High Storm Commander</SGL_en>
      <SGL_fr>colonelle</SGL_fr>
      <SGL_de>Großsturmkapitänleutnant</SGL_de>
    </GCRankLimsaFemaleText>
    <GCRankLimsaFemaleText>
      <Key>15</Key>
      <SGL_ja>准甲将</SGL_ja>
      <SGL_en>Rear Storm Marshal</SGL_en>
      <SGL_fr>sous-maréchale</SGL_fr>
      <SGL_de>Galeerenkapitän</SGL_de>
    </GCRankLimsaFemaleText>
    <GCRankLimsaFemaleText>
      <Key>16</Key>
      <SGL_ja>少甲将</SGL_ja>
      <SGL_en>Vice Storm Marshal</SGL_en>
      <SGL_fr>vice-maréchale</SGL_fr>
      <SGL_de>Galeassenkapitän</SGL_de>
    </GCRankLimsaFemaleText>
    <GCRankLimsaFemaleText>
      <Key>17</Key>
      <SGL_ja>中甲将</SGL_ja>
      <SGL_en>Storm Marshal</SGL_en>
      <SGL_fr>maréchale</SGL_fr>
      <SGL_de>Galeonenkapitän</SGL_de>
    </GCRankLimsaFemaleText>
    <GCRankLimsaFemaleText>
      <Key>18</Key>
      <SGL_ja>大甲将</SGL_ja>
      <SGL_en>Grand Storm Marshal</SGL_en>
      <SGL_fr>grande maréchale</SGL_fr>
      <SGL_de>Konteradmiral</SGL_de>
    </GCRankLimsaFemaleText>
    <GCRankLimsaFemaleText>
      <Key>19</Key>
      <SGL_ja>提督</SGL_ja>
      <SGL_en>Storm Champion</SGL_en>
      <SGL_fr>générale</SGL_fr>
      <SGL_de>Admiral</SGL_de>
    </GCRankLimsaFemaleText>
  </GCRankLimsaFemaleText></ArrayOfGCRankLimsaFemaleText>