<?xml version="1.0" encoding="utf-16"?><ArrayOfGCRankUldahFemaleText xmlns:xsi="http://www.w3.org/2001/XMLSchema-instance" xmlns:xsd="http://www.w3.org/2001/XMLSchema">
    <GCRankUldahFemaleText>
      <Key>1</Key>
      <SGL_ja>二等闘兵</SGL_ja>
      <SGL_en>Flame Private Third Class</SGL_en>
      <SGL_fr>soldat 3e classe</SGL_fr>
      <SGL_de>Legionärin 3. Klasse</SGL_de>
    </GCRankUldahFemaleText>
    <GCRankUldahFemaleText>
      <Key>2</Key>
      <SGL_ja>一等闘兵</SGL_ja>
      <SGL_en>Flame Private Second Class</SGL_en>
      <SGL_fr>soldat 2e classe</SGL_fr>
      <SGL_de>Legionärin 2. Klasse</SGL_de>
    </GCRankUldahFemaleText>
    <GCRankUldahFemaleText>
      <Key>3</Key>
      <SGL_ja>上等闘兵</SGL_ja>
      <SGL_en>Flame Private First Class</SGL_en>
      <SGL_fr>soldat 1re classe</SGL_fr>
      <SGL_de>Legionärin 1. Klasse</SGL_de>
    </GCRankUldahFemaleText>
    <GCRankUldahFemaleText>
      <Key>4</Key>
      <SGL_ja>闘兵長</SGL_ja>
      <SGL_en>Flame Corporal</SGL_en>
      <SGL_fr>caporale</SGL_fr>
      <SGL_de>Phönixlegionärin</SGL_de>
    </GCRankUldahFemaleText>
    <GCRankUldahFemaleText>
      <Key>5</Key>
      <SGL_ja>闘伍長</SGL_ja>
      <SGL_en>Flame Sergeant Third Class</SGL_en>
      <SGL_fr>adjudante</SGL_fr>
      <SGL_de>Legionsgefreite 3. Klasse</SGL_de>
    </GCRankUldahFemaleText>
    <GCRankUldahFemaleText>
      <Key>6</Key>
      <SGL_ja>闘軍曹</SGL_ja>
      <SGL_en>Flame Sergeant Second Class</SGL_en>
      <SGL_fr>sergente</SGL_fr>
      <SGL_de>Legionsgefreite 2. Klasse</SGL_de>
    </GCRankUldahFemaleText>
    <GCRankUldahFemaleText>
      <Key>7</Key>
      <SGL_ja>闘曹長</SGL_ja>
      <SGL_en>Flame Sergeant First Class</SGL_en>
      <SGL_fr>sergent-major</SGL_fr>
      <SGL_de>Legionsgefreite 1. Klasse</SGL_de>
    </GCRankUldahFemaleText>
    <GCRankUldahFemaleText>
      <Key>8</Key>
      <SGL_ja>准闘士</SGL_ja>
      <SGL_en>Chief Flame Sergeant</SGL_en>
      <SGL_fr>major</SGL_fr>
      <SGL_de>Phönixgefreite</SGL_de>
    </GCRankUldahFemaleText>
    <GCRankUldahFemaleText>
      <Key>9</Key>
      <SGL_ja>少闘士</SGL_ja>
      <SGL_en>Second Flame Lieutenant</SGL_en>
      <SGL_fr>sous-lieutenante</SGL_fr>
      <SGL_de>Zweiter Legionsfähnrich</SGL_de>
    </GCRankUldahFemaleText>
    <GCRankUldahFemaleText>
      <Key>10</Key>
      <SGL_ja>中闘士</SGL_ja>
      <SGL_en>First Flame Lieutenant</SGL_en>
      <SGL_fr>lieutenante</SGL_fr>
      <SGL_de>Erster Legionsfähnrich</SGL_de>
    </GCRankUldahFemaleText>
    <GCRankUldahFemaleText>
      <Key>11</Key>
      <SGL_ja>大闘士</SGL_ja>
      <SGL_en>Flame Captain</SGL_en>
      <SGL_fr>capitaine</SGL_fr>
      <SGL_de>Phönixfähnrich</SGL_de>
    </GCRankUldahFemaleText>
    <GCRankUldahFemaleText>
      <Key>12</Key>
      <SGL_ja>少闘佐</SGL_ja>
      <SGL_en>Second Flame Commander</SGL_en>
      <SGL_fr>sous-commandante</SGL_fr>
      <SGL_de>Zweite Legionshauptmann</SGL_de>
    </GCRankUldahFemaleText>
    <GCRankUldahFemaleText>
      <Key>13</Key>
      <SGL_ja>中闘佐</SGL_ja>
      <SGL_en>First Flame Commander</SGL_en>
      <SGL_fr>commandante</SGL_fr>
      <SGL_de>Erste Legionshauptmann</SGL_de>
    </GCRankUldahFemaleText>
    <GCRankUldahFemaleText>
      <Key>14</Key>
      <SGL_ja>大闘佐</SGL_ja>
      <SGL_en>High Flame Commander</SGL_en>
      <SGL_fr>colonelle</SGL_fr>
      <SGL_de>Phönixhauptmann</SGL_de>
    </GCRankUldahFemaleText>
    <GCRankUldahFemaleText>
      <Key>15</Key>
      <SGL_ja>准闘将</SGL_ja>
      <SGL_en>Rear Flame Marshal</SGL_en>
      <SGL_fr>sous-maréchale</SGL_fr>
      <SGL_de>Major der Legion</SGL_de>
    </GCRankUldahFemaleText>
    <GCRankUldahFemaleText>
      <Key>16</Key>
      <SGL_ja>少闘将</SGL_ja>
      <SGL_en>Vice Flame Marshal</SGL_en>
      <SGL_fr>vice-maréchale</SGL_fr>
      <SGL_de>Oberst der Legion</SGL_de>
    </GCRankUldahFemaleText>
    <GCRankUldahFemaleText>
      <Key>17</Key>
      <SGL_ja>中闘将</SGL_ja>
      <SGL_en>Flame Marshal</SGL_en>
      <SGL_fr>maréchale</SGL_fr>
      <SGL_de>Generalmajor der Legion</SGL_de>
    </GCRankUldahFemaleText>
    <GCRankUldahFemaleText>
      <Key>18</Key>
      <SGL_ja>大闘将</SGL_ja>
      <SGL_en>Grand Flame Marshal</SGL_en>
      <SGL_fr>grande maréchale</SGL_fr>
      <SGL_de>General der Legion</SGL_de>
    </GCRankUldahFemaleText>
    <GCRankUldahFemaleText>
      <Key>19</Key>
      <SGL_ja>闘聖</SGL_ja>
      <SGL_en>Flame Champion</SGL_en>
      <SGL_fr>générale</SGL_fr>
      <SGL_de>Phönixgeneral</SGL_de>
    </GCRankUldahFemaleText>
  </GCRankUldahFemaleText></ArrayOfGCRankUldahFemaleText>