<?xml version="1.0" encoding="utf-16"?><ArrayOfJournalCategory xmlns:xsi="http://www.w3.org/2001/XMLSchema-instance" xmlns:xsd="http://www.w3.org/2001/XMLSchema">
    <JournalCategory>
      <Key>1</Key>
      <label>QUEST_MAIN</label>
      <Name_ja>メインクエスト</Name_ja>
      <Name_en>Main Scenario Quests</Name_en>
      <Name_fr>Épopée</Name_fr>
      <Name_de>Hauptszenario</Name_de>
    </JournalCategory>
    <JournalCategory>
      <Key>2</Key>
      <label>QUEST_MAIN</label>
      <Name_ja>クロニクルクエスト</Name_ja>
      <Name_en>Chronicles of a New Era</Name_en>
      <Name_fr>Chroniques d'une nouvelle ère</Name_fr>
      <Name_de>Chroniken einer neuen Ära</Name_de>
    </JournalCategory>
    <JournalCategory>
      <Key>3</Key>
      <label>QUEST_SUB</label>
      <Name_ja>サブクエスト：ラノシア</Name_ja>
      <Name_en>Lominsan Sidequests</Name_en>
      <Name_fr>Noscea</Name_fr>
      <Name_de>Aufträge La Noscea</Name_de>
    </JournalCategory>
    <JournalCategory>
      <Key>4</Key>
      <label>QUEST_SUB</label>
      <Name_ja>サブクエスト：黒衣森</Name_ja>
      <Name_en>Gridanian Sidequests</Name_en>
      <Name_fr>Sombrelinceul</Name_fr>
      <Name_de>Aufträge Finsterwald</Name_de>
    </JournalCategory>
    <JournalCategory>
      <Key>5</Key>
      <label>QUEST_SUB</label>
      <Name_ja>サブクエスト：ザナラーン</Name_ja>
      <Name_en>Ul'dahn Sidequests</Name_en>
      <Name_fr>Thanalan</Name_fr>
      <Name_de>Aufträge Thanalan</Name_de>
    </JournalCategory>
    <JournalCategory>
      <Key>6</Key>
      <label>QUEST_SUB</label>
      <Name_ja>サブクエスト：クルザス</Name_ja>
      <Name_en>Ishgardian Sidequests</Name_en>
      <Name_fr>Coerthas</Name_fr>
      <Name_de>Aufträge Coerthas</Name_de>
    </JournalCategory>
    <JournalCategory>
      <Key>7</Key>
      <label>QUEST_SUB</label>
      <Name_ja>サブクエスト：モードゥナ</Name_ja>
      <Name_en>Mor Dhonan Sidequests</Name_en>
      <Name_fr>Mor Dhona</Name_fr>
      <Name_de>Aufträge Mor Dhona</Name_de>
    </JournalCategory>
    <JournalCategory>
      <Key>8</Key>
      <label>QUEST_CLASS</label>
      <Name_ja>クラスクエスト</Name_ja>
      <Name_en>Class Quests</Name_en>
      <Name_fr>Quêtes de classe</Name_fr>
      <Name_de>Gildenaufträge</Name_de>
    </JournalCategory>
    <JournalCategory>
      <Key>9</Key>
      <label>QUEST_JOB</label>
      <Name_ja>ジョブクエスト</Name_ja>
      <Name_en>Job Quests</Name_en>
      <Name_fr>Quêtes de job</Name_fr>
      <Name_de>Jobaufträge</Name_de>
    </JournalCategory>
    <JournalCategory>
      <Key>10</Key>
      <label>QUEST_COMPANY</label>
      <Name_ja>グランドカンパニークエスト</Name_ja>
      <Name_en>Grand Company Quests</Name_en>
      <Name_fr>Quêtes de compagnie</Name_fr>
      <Name_de>Staatliche Gesellschaften</Name_de>
    </JournalCategory>
  </JournalCategory></ArrayOfJournalCategory>