<?xml version="1.0" encoding="utf-16"?><ArrayOfRace xmlns:xsi="http://www.w3.org/2001/XMLSchema-instance" xmlns:xsd="http://www.w3.org/2001/XMLSchema">
    <Race>
      <Key>1</Key>
      <NameFemale_ja>ヒューラン</NameFemale_ja>
      <NameFemale_en>Hyur</NameFemale_en>
      <NameFemale_fr>Hyure</NameFemale_fr>
      <NameFemale_de>Hyuran</NameFemale_de>
      <Name_ja>ヒューラン</Name_ja>
      <Name_en>Hyur</Name_en>
      <Name_fr>Hyur</Name_fr>
      <Name_de>Hyuran</Name_de>
    </Race>
    <Race>
      <Key>2</Key>
      <NameFemale_ja>エレゼン</NameFemale_ja>
      <NameFemale_en>Elezen</NameFemale_en>
      <NameFemale_fr>Élézenne</NameFemale_fr>
      <NameFemale_de>Elezen</NameFemale_de>
      <Name_ja>エレゼン</Name_ja>
      <Name_en>Elezen</Name_en>
      <Name_fr>Élézen</Name_fr>
      <Name_de>Elezen</Name_de>
    </Race>
    <Race>
      <Key>3</Key>
      <NameFemale_ja>ララフェル</NameFemale_ja>
      <NameFemale_en>Lalafell</NameFemale_en>
      <NameFemale_fr>Lalafelle</NameFemale_fr>
      <NameFemale_de>Lalafell</NameFemale_de>
      <Name_ja>ララフェル</Name_ja>
      <Name_en>Lalafell</Name_en>
      <Name_fr>Lalafell</Name_fr>
      <Name_de>Lalafell</Name_de>
    </Race>
    <Race>
      <Key>4</Key>
      <NameFemale_ja>ミコッテ</NameFemale_ja>
      <NameFemale_en>Miqo'te</NameFemale_en>
      <NameFemale_fr>Miqo'te</NameFemale_fr>
      <NameFemale_de>Miqo'te</NameFemale_de>
      <Name_ja>ミコッテ</Name_ja>
      <Name_en>Miqo'te</Name_en>
      <Name_fr>Miqo'te</Name_fr>
      <Name_de>Miqo'te</Name_de>
    </Race>
    <Race>
      <Key>5</Key>
      <NameFemale_ja>ルガディン</NameFemale_ja>
      <NameFemale_en>Roegadyn</NameFemale_en>
      <NameFemale_fr>Roegadyne</NameFemale_fr>
      <NameFemale_de>Roegadyn</NameFemale_de>
      <Name_ja>ルガディン</Name_ja>
      <Name_en>Roegadyn</Name_en>
      <Name_fr>Roegadyn</Name_fr>
      <Name_de>Roegadyn</Name_de>
    </Race>
  </Race></ArrayOfRace>